Campeonato:,Copa do Brasil - Profissional/2021,,Rodada:,Volta
Jogo:,Athletico Paranaense / PR X Flamengo / RJ,,,
Data:,20/10/2021 Horário: 21:30 Estádio:,Joaquim Américo Guimarães / Curitiba,,
"",,Arbitragem
Arbitro:,Luiz Flavio de Oliveira (FIFA / SP),
Arbitro Assistente 1:,Danilo Ricardo Simon Manis (FIFA / SP),
Arbitro Assistente 2:,Miguel Cataneo Ribeiro da Costa (AB / SP),
Quarto Arbitro:,Thiago Luis Scarascati (AB / SP),
Inspetor:,Ednilson Corona (CBF / SP),
Quinto Arbitro:,Sidmar dos Santos Meurer (AB / PR),
Delegado Local:,Gabryella Goncalves (FD / PR),
VAR:,Jose Claudio Rocha Filho (VAR-FIFA / SP),
"",,,Cronologia,,,
"",1o Tempo,,2o Tempo,,,
Entrada do mandante:,21:21Atraso:,,Não Houve Entrada do mandante: 22:31,,Atraso:,Não Houve
Entrada do visitante:,21:21Atraso:,,Não Houve Entrada do visitante: 22:32,,Atraso:,Não Houve
Início 1o Tempo:,21:30Atraso:,,Não Houve Início do 2o Tempo: 22:34,,Atraso:,Não Houve
Término do 1o Tempo:,22:19Acréscimo:,,4 min Término do 2o Tempo: 23:27,Acréscimo:,,8 min
Resultado do 1o Tempo: 0 X 1,,,Resultado Final: 2 X 2,,,
"",,,,,Relação de Jogadores,,,,
"",,Athletico Paranaense / PR,,,,Flamengo / RJ,,,
No,Apelido,Nome Completo T/R,,P/A,CBF No Apelido,Nome Completo,T/R,P/A,CBF
1,Santos,Aderbar Melo dos San ... T(g),,P,293428 1 Diego Alves,Diego Alves Carreira,T(g),P,159238
2,Nicolas He ...,Nicolas Hernandez Ro ... T,,P,725558 3 R. Caio,Rodrigo Caio Coquett ...,T,P,316645
5,Marcinho,Marcio Almeida de Ol ... T,,P,315637 4 Leo Pereira,Leonardo Pereira,T,P,310373
11,Nikao,Maycon Vinicius Ferr ... T,,P,306616 5 Willian Arão,Willian Souza Arao d ...,T,P,293420
16,Abner,Abner Vinicius da Si ... T,,P,524291 7 Éverton R ...,Everton Augusto de B ...,T,P,177444
18,Cittadini,Leonardo Cittadini T,,P,321574 8 Thiago Maia,Thiago Maia Alencar,T,P,384124
26,Erick,Erick Luis Conrado C ... T,,P,376073 9 Gabriel Ba ...,Gabriel Barbosa Almeida,T,P,337830
34,Pedro Henr ...,Pedro Henrique Ribei ... T,,P,352037 16 Filipe Luís,Filipe Luis Kasmirski,T,P,156447
44,Thiago Heleno,Thiago Heleno Henriq ... T,,P,171788 18 ANDREAS,Andreas Hugo Hoelgeb ...,T,P,729086
79,Renato Kayzer,Renato Kayzer de Souza T,,P,337840 19 Michael,Michael Richard Delg ...,T,P,534667
80,David Terans,Miguel David Terans Perez T,,P,630170 44 Isla,Mauricio Anibal Isla Isla,T,P,700851
99,Bento,Bento Matheus Krepski R(g),,P,446408 22 Batista,Gabriel Batista de Souza,R(g),P,439475
6,Marcio Aze ...,Marcio Gonzaga de AzevedoR,,P,167769 2 Gustavo,Gustavo Henrique Vernes,R,P,186450
13,Khellven,Khellven Douglas Sil ... R,,P,557878 6 Rene,Rene Rodrigues Martins,R,P,346636
15,Jader,Jader Barbosa da Sil ... R,,P,595734 10 Diego,Diego Ribas da Cunha,R,P,152138
19,Jaderson,Jaderson Flores dos Reis R,,P,513348 11 Vitinho,Victor Vinicius Coel ...,R,P,307245
27,Ze Ivaldo,Jose Ivaldo Almeida Silva R,,P,409873 20 Rodinei,Rodinei Marcelo de A ...,R,P,353568
32,Pedro Rocha,Pedro Rocha Neves R,,P,379462 21 Pedro,Pedro Guilherme Abre ...,R,P,303716
37,Lucas Fasson,Lucas Fasson dos Santos R,,P,523698 30 Bruno Viana,Bruno Viana Willemen ...,R,P,306786
38,Mingotti,Vinicius Alessandro  ... R,,P,544426 33 Robert,Robert Kenedy Nunes  ...,R,P,315043
42,Juninho,Luiz Fernando Silves ... R,,P,588107 34 Matheuzinho,Matheus Franca Silva,R,P,565578
55,Canesin,Fernando Canesin Matos R,,P,307508 45 Hugo,Hugo de Souza Nogueira,R,P,376228
96,Carlos Edu ...,Carlos Eduardo Ferre ... R,,P,408134 63 Vitor Gabriel,Vitor Gabriel Claudi ...,R,P,510415
"",,Comissão Técnica,
"",Athletico Paranaense / PR,,Flamengo / RJ
Técnico:,Alberto Valentim Do Carmo Neto,Técnico:,Renato Portaluppi
Assistente Técnico:,Bruno Amorim Lazaroni,Assistente Técnico:,Alexandre Pereira Mendes
Médico:,Rodrigo Gorte Basaglia,Médico:,Marcio Alves Tannure
Treinador De Goleiros:,Felipe Faria De Souza,Treinador De Goleiros:,Wagner Paulino Miranda
Preparador Físico:,Tulio Flores Dos Santos,Preparador Físico:,Alexandre Lapolli Sanz Soares
Massagista:,Juan Pablo Fiorenza,Fisioterapeuta:,Laniyan Fructuoso Lima Neves
"",,,,,Gols,
Tempo,1T/2T,No,Tipo,Nome do Jogador,,Equipe
14:00,1T,8,NR,Thiago Maia Alencar,,Flamengo/RJ
02:00,2T,34,NR,Pedro Henrique Ribeiro Goncalves,,Athletico Paranaense/PR
25:00,2T,79,NR,Renato Kayzer de Souza,,Athletico Paranaense/PR
+8,2T,21,PN,Pedro Guilherme Abreu dos Santos,,Flamengo/RJ
"",,,,Cartões Amarelos
Tempo,1T/2T,No,Nome do Jogador,Equipe
23:00,2T,3,Rodrigo Caio Coquette Russo,Flamengo/RJ
"",,,Motivo: A1.2.  Dar ou tentar dar uma rasteira ou um calço em um adversário de maneira temerária na disputa da bola  - Por calçar o,
"",,,seu adversário de forma temerária na disputa da bola.,
"",,,,Substituições,
Tempo,1T/2T,,Equipe,Entrou,Saiu
22:00,2T,Flamengo/RJ,,21 - Pedro Guilherme Abreu dos Sa...,9 - Gabriel Barbosa Almeida
28:00,2T,Flamengo/RJ,,11 - Victor Vinicius Coelho Santos,8 - Thiago Maia Alencar
28:00,2T,Flamengo/RJ,,10 - Diego Ribas da Cunha,19 - Michael Richard Delgado de O...
33:00,2T,Athletico Paranaense/PR,,32 - Pedro Rocha Neves,79 - Renato Kayzer de Souza
35:00,2T,Flamengo/RJ,,33 - Robert Kenedy Nunes do Nasci...,18 - Andreas Hugo Hoelgebaum Pere...
42:00,2T,Athletico Paranaense/PR,,55 - Fernando Canesin Matos,18 - Leonardo Cittadini
42:00,2T,Athletico Paranaense/PR,,15 - Jader Barbosa da Silva Gentil,80 - Miguel David Terans Perez
45:00,2T,Athletico Paranaense/PR,,37 - Lucas Fasson dos Santos,2 - Nicolas Hernandez Rodriguez
