Competição,Ano,Jogo
Serie A,2020,004
Serie C,2020,004
Serie D,2020,004
Serie A,2020,006
Copa do Brasil,2020,121
Copa do Brasil,2020,122
Copa do Brasil,2020,123
Copa do Brasil,2020,124
Copa do Brasil,2020,125
Copa do Brasil,2020,126
Copa do Brasil,2020,127
Copa do Brasil,2020,128
Copa do Brasil,2020,129
Copa do Brasil,2020,130
Copa do Brasil,2020,131
Copa do Brasil,2020,132
Copa do Brasil,2020,133
Copa do Brasil,2020,134
Copa do Brasil,2020,135
Copa do Brasil,2020,136
Copa do Brasil,2020,137
Copa do Brasil,2020,138
Copa do Brasil,2020,139
Copa do Brasil,2020,140
Copa do Brasil,2020,141
Copa do Brasil,2020,142
Copa do Brasil,2020,143
Copa do Brasil,2020,144
Copa do Brasil,2020,145
Copa do Brasil,2020,146
Copa do Brasil,2020,147
Copa do Brasil,2020,148
Copa do Brasil,2020,149
Copa do Brasil,2020,150
Copa do Brasil,2020,151
Copa do Brasil,2020,152
Copa do Brasil,2020,153
Copa do Brasil,2020,154
Copa do Brasil,2020,155
Copa do Brasil,2020,156
Copa do Brasil,2020,157
Copa do Brasil,2020,158
Copa do Brasil,2020,159
Copa do Brasil,2020,160
Copa do Brasil,2020,161
Copa do Brasil,2020,162
Copa do Brasil,2020,163
Copa do Brasil,2020,164
Copa do Brasil,2020,165
Copa do Brasil,2020,166
Copa do Brasil,2020,167
Copa do Brasil,2020,168
Copa do Brasil,2020,169
Copa do Brasil,2020,170
Copa do Brasil,2020,171
Copa do Brasil,2020,172
Copa do Brasil,2020,173
Copa do Brasil,2020,174
Copa do Brasil,2020,175
Copa do Brasil,2020,176
Copa do Brasil,2020,177
Copa do Brasil,2020,178
Copa do Brasil,2020,179
Copa do Brasil,2020,180
Copa do Brasil,2020,181
Copa do Brasil,2020,182
Copa do Brasil,2020,183
Copa do Brasil,2020,184
Copa do Brasil,2020,185
Copa do Brasil,2020,186
Copa do Brasil,2020,187
Copa do Brasil,2020,188
Copa do Brasil,2020,189
Copa do Brasil,2020,190
Copa do Brasil,2020,191
Copa do Brasil,2020,192
Copa do Brasil,2020,193
Copa do Brasil,2020,194
Copa do Brasil,2020,195
Copa do Brasil,2020,196
Copa do Brasil,2020,197
Copa do Brasil,2020,198
Copa do Brasil,2020,199
Copa do Brasil,2020,200
Copa do Brasil,2020,201
Copa do Brasil,2020,202
Copa do Brasil,2020,203
Copa do Brasil,2020,204
Copa do Brasil,2020,205
Copa do Brasil,2020,206
Serie C,2020,207
Copa do Brasil,2020,207
Serie C,2020,208
Copa do Brasil,2020,208
Serie C,2020,209
Copa do Brasil,2020,209
Serie C,2020,210
Copa do Brasil,2020,210
Serie C,2020,211
Copa do Brasil,2020,211
Serie C,2020,212
Copa do Brasil,2020,212
Serie C,2020,213
Copa do Brasil,2020,213
Serie C,2020,214
Copa do Brasil,2020,214
Serie C,2020,215
Copa do Brasil,2020,215
Serie C,2020,216
Copa do Brasil,2020,216
Serie C,2020,217
Copa do Brasil,2020,217
Serie C,2020,218
Copa do Brasil,2020,218
Serie C,2020,219
Copa do Brasil,2020,219
Serie C,2020,220
Copa do Brasil,2020,220
Serie C,2020,221
Copa do Brasil,2020,221
Serie C,2020,222
Copa do Brasil,2020,222
Serie C,2020,223
Copa do Brasil,2020,223
Serie C,2020,224
Copa do Brasil,2020,224
Serie C,2020,225
Copa do Brasil,2020,225
Serie C,2020,226
Copa do Brasil,2020,226
Serie C,2020,227
Copa do Brasil,2020,227
Serie C,2020,228
Copa do Brasil,2020,228
Serie C,2020,229
Copa do Brasil,2020,229
Serie C,2020,230
Copa do Brasil,2020,230
Serie C,2020,231
Copa do Brasil,2020,231
Serie C,2020,232
Copa do Brasil,2020,232
Serie C,2020,233
Copa do Brasil,2020,233
Serie C,2020,234
Copa do Brasil,2020,234
Serie C,2020,235
Copa do Brasil,2020,235
Serie C,2020,236
Copa do Brasil,2020,236
Serie C,2020,237
Copa do Brasil,2020,237
Serie C,2020,238
Copa do Brasil,2020,238
Serie C,2020,239
Copa do Brasil,2020,239
Serie C,2020,240
Copa do Brasil,2020,240
Serie C,2020,241
Copa do Brasil,2020,241
Serie C,2020,242
Copa do Brasil,2020,242
Serie C,2020,243
Copa do Brasil,2020,243
Serie C,2020,244
Copa do Brasil,2020,244
Serie C,2020,245
Copa do Brasil,2020,245
Serie C,2020,246
Copa do Brasil,2020,246
Serie C,2020,247
Copa do Brasil,2020,247
Serie C,2020,248
Copa do Brasil,2020,248
Serie C,2020,249
Copa do Brasil,2020,249
Serie C,2020,250
Copa do Brasil,2020,250
Serie C,2020,251
Copa do Brasil,2020,251
Serie C,2020,252
Copa do Brasil,2020,252
Serie C,2020,253
Copa do Brasil,2020,253
Serie C,2020,254
Copa do Brasil,2020,254
Serie C,2020,255
Copa do Brasil,2020,255
Serie C,2020,256
Copa do Brasil,2020,256
Serie C,2020,257
Copa do Brasil,2020,257
Serie C,2020,258
Copa do Brasil,2020,258
Serie C,2020,259
Copa do Brasil,2020,259
Serie C,2020,260
Copa do Brasil,2020,260
Serie C,2020,261
Copa do Brasil,2020,261
Serie C,2020,262
Copa do Brasil,2020,262
Serie C,2020,263
Copa do Brasil,2020,263
Serie C,2020,264
Copa do Brasil,2020,264
Serie C,2020,265
Copa do Brasil,2020,265
Serie C,2020,266
Copa do Brasil,2020,266
Serie C,2020,267
Copa do Brasil,2020,267
Serie C,2020,268
Copa do Brasil,2020,268
Serie C,2020,269
Copa do Brasil,2020,269
Serie C,2020,270
Copa do Brasil,2020,270
Serie C,2020,271
Copa do Brasil,2020,271
Serie C,2020,272
Copa do Brasil,2020,272
Serie C,2020,273
Copa do Brasil,2020,273
Serie C,2020,274
Copa do Brasil,2020,274
Serie C,2020,275
Copa do Brasil,2020,275
Serie C,2020,276
Copa do Brasil,2020,276
Serie C,2020,277
Copa do Brasil,2020,277
Serie C,2020,278
Copa do Brasil,2020,278
Serie C,2020,279
Copa do Brasil,2020,279
Serie C,2020,280
Copa do Brasil,2020,280
Serie C,2020,281
Copa do Brasil,2020,281
Serie C,2020,282
Copa do Brasil,2020,282
Serie C,2020,283
Copa do Brasil,2020,283
Serie C,2020,284
Copa do Brasil,2020,284
Serie C,2020,285
Copa do Brasil,2020,285
Serie C,2020,286
Copa do Brasil,2020,286
Serie C,2020,287
Copa do Brasil,2020,287
Serie C,2020,288
Copa do Brasil,2020,288
Serie C,2020,289
Copa do Brasil,2020,289
Serie C,2020,290
Copa do Brasil,2020,290
Serie C,2020,291
Copa do Brasil,2020,291
Serie C,2020,292
Copa do Brasil,2020,292
Serie C,2020,293
Copa do Brasil,2020,293
Serie C,2020,294
Copa do Brasil,2020,294
Serie C,2020,295
Copa do Brasil,2020,295
Serie C,2020,296
Copa do Brasil,2020,296
Serie C,2020,297
Copa do Brasil,2020,297
Serie C,2020,298
Copa do Brasil,2020,298
Serie C,2020,299
Copa do Brasil,2020,299
Serie C,2020,300
Copa do Brasil,2020,300
Serie C,2020,301
Copa do Brasil,2020,301
Serie C,2020,302
Copa do Brasil,2020,302
Serie C,2020,303
Copa do Brasil,2020,303
Serie C,2020,304
Copa do Brasil,2020,304
Serie C,2020,305
Copa do Brasil,2020,305
Serie C,2020,306
Copa do Brasil,2020,306
Serie C,2020,307
Copa do Brasil,2020,307
Serie C,2020,308
Copa do Brasil,2020,308
Serie C,2020,309
Copa do Brasil,2020,309
Serie C,2020,310
Copa do Brasil,2020,310
Serie C,2020,311
Copa do Brasil,2020,311
Serie C,2020,312
Copa do Brasil,2020,312
Serie C,2020,313
Copa do Brasil,2020,313
Serie C,2020,314
Copa do Brasil,2020,314
Serie C,2020,315
Copa do Brasil,2020,315
Serie C,2020,316
Copa do Brasil,2020,316
Serie C,2020,317
Copa do Brasil,2020,317
Serie C,2020,318
Copa do Brasil,2020,318
Serie C,2020,319
Copa do Brasil,2020,319
Serie C,2020,320
Copa do Brasil,2020,320
Serie C,2020,321
Copa do Brasil,2020,321
Serie C,2020,322
Copa do Brasil,2020,322
Serie C,2020,323
Copa do Brasil,2020,323
Serie C,2020,324
Copa do Brasil,2020,324
Serie C,2020,325
Copa do Brasil,2020,325
Serie C,2020,326
Copa do Brasil,2020,326
Serie C,2020,327
Copa do Brasil,2020,327
Serie C,2020,328
Copa do Brasil,2020,328
Serie C,2020,329
Copa do Brasil,2020,329
Serie C,2020,330
Copa do Brasil,2020,330
Serie C,2020,331
Copa do Brasil,2020,331
Serie C,2020,332
Copa do Brasil,2020,332
Serie C,2020,333
Copa do Brasil,2020,333
Serie C,2020,334
Copa do Brasil,2020,334
Serie C,2020,335
Copa do Brasil,2020,335
Serie C,2020,336
Copa do Brasil,2020,336
Serie C,2020,337
Copa do Brasil,2020,337
Serie C,2020,338
Copa do Brasil,2020,338
Serie C,2020,339
Copa do Brasil,2020,339
Serie C,2020,340
Copa do Brasil,2020,340
Serie C,2020,341
Copa do Brasil,2020,341
Serie C,2020,342
Copa do Brasil,2020,342
Serie C,2020,343
Copa do Brasil,2020,343
Serie C,2020,344
Copa do Brasil,2020,344
Serie C,2020,345
Copa do Brasil,2020,345
Serie C,2020,346
Copa do Brasil,2020,346
Serie C,2020,347
Copa do Brasil,2020,347
Serie C,2020,348
Copa do Brasil,2020,348
Serie C,2020,349
Copa do Brasil,2020,349
Serie C,2020,350
Copa do Brasil,2020,350
Serie C,2020,351
Copa do Brasil,2020,351
Serie C,2020,352
Copa do Brasil,2020,352
Serie C,2020,353
Copa do Brasil,2020,353
Serie C,2020,354
Copa do Brasil,2020,354
Serie C,2020,355
Copa do Brasil,2020,355
Serie C,2020,356
Copa do Brasil,2020,356
Serie C,2020,357
Copa do Brasil,2020,357
Serie C,2020,358
Copa do Brasil,2020,358
Serie C,2020,359
Copa do Brasil,2020,359
Serie C,2020,360
Copa do Brasil,2020,360
Serie C,2020,361
Copa do Brasil,2020,361
Serie C,2020,362
Copa do Brasil,2020,362
Serie C,2020,363
Copa do Brasil,2020,363
Serie C,2020,364
Copa do Brasil,2020,364
Serie C,2020,365
Copa do Brasil,2020,365
Serie C,2020,366
Copa do Brasil,2020,366
Serie C,2020,367
Copa do Brasil,2020,367
Serie C,2020,368
Copa do Brasil,2020,368
Serie C,2020,369
Copa do Brasil,2020,369
Serie C,2020,370
Copa do Brasil,2020,370
Serie C,2020,371
Copa do Brasil,2020,371
Serie C,2020,372
Copa do Brasil,2020,372
Serie C,2020,373
Copa do Brasil,2020,373
Serie C,2020,374
Copa do Brasil,2020,374
Serie C,2020,375
Copa do Brasil,2020,375
Serie C,2020,376
Copa do Brasil,2020,376
Serie C,2020,377
Copa do Brasil,2020,377
Serie C,2020,378
Copa do Brasil,2020,378
Serie C,2020,379
Copa do Brasil,2020,379
Serie C,2020,380
Copa do Brasil,2020,380
Serie A,2020,381
Serie B,2020,381
Serie C,2020,381
Copa do Brasil,2020,381
Serie A,2020,382
Serie B,2020,382
Serie C,2020,382
Copa do Brasil,2020,382
Serie A,2020,383
Serie B,2020,383
Serie C,2020,383
Copa do Brasil,2020,383
Serie A,2020,384
Serie B,2020,384
Serie C,2020,384
Copa do Brasil,2020,384
Serie A,2020,385
Serie B,2020,385
Serie C,2020,385
Copa do Brasil,2020,385
Serie A,2020,386
Serie B,2020,386
Serie C,2020,386
Copa do Brasil,2020,386
Serie A,2020,387
Serie B,2020,387
Serie C,2020,387
Copa do Brasil,2020,387
Serie A,2020,388
Serie B,2020,388
Serie C,2020,388
Copa do Brasil,2020,388
Serie A,2020,389
Serie B,2020,389
Serie C,2020,389
Copa do Brasil,2020,389
Serie A,2020,390
Serie B,2020,390
Serie C,2020,390
Copa do Brasil,2020,390
Serie A,2020,391
Serie B,2020,391
Serie C,2020,391
Copa do Brasil,2020,391
Serie A,2020,392
Serie B,2020,392
Serie C,2020,392
Copa do Brasil,2020,392
Serie A,2020,393
Serie B,2020,393
Serie C,2020,393
Copa do Brasil,2020,393
Serie A,2020,394
Serie B,2020,394
Serie C,2020,394
Copa do Brasil,2020,394
Serie A,2020,395
Serie B,2020,395
Serie C,2020,395
Copa do Brasil,2020,395
Serie A,2020,396
Serie B,2020,396
Serie C,2020,396
Copa do Brasil,2020,396
Serie A,2020,397
Serie B,2020,397
Serie C,2020,397
Copa do Brasil,2020,397
Serie A,2020,398
Serie B,2020,398
Serie C,2020,398
Copa do Brasil,2020,398
Serie A,2020,399
Serie B,2020,399
Serie C,2020,399
Copa do Brasil,2020,399
Serie A,2020,400
Serie B,2020,400
Serie C,2020,400
Copa do Brasil,2020,400
Serie A,2020,401
Serie B,2020,401
Serie C,2020,401
Copa do Brasil,2020,401
Serie A,2020,402
Serie B,2020,402
Serie C,2020,402
Copa do Brasil,2020,402
Serie A,2020,403
Serie B,2020,403
Serie C,2020,403
Copa do Brasil,2020,403
Serie A,2020,404
Serie B,2020,404
Serie C,2020,404
Copa do Brasil,2020,404
Serie A,2020,405
Serie B,2020,405
Serie C,2020,405
Copa do Brasil,2020,405
Serie A,2020,406
Serie B,2020,406
Serie C,2020,406
Copa do Brasil,2020,406
Serie A,2020,407
Serie B,2020,407
Serie C,2020,407
Copa do Brasil,2020,407
Serie A,2020,408
Serie B,2020,408
Serie C,2020,408
Copa do Brasil,2020,408
Serie A,2020,409
Serie B,2020,409
Serie C,2020,409
Copa do Brasil,2020,409
Serie A,2020,410
Serie B,2020,410
Serie C,2020,410
Copa do Brasil,2020,410
Serie A,2020,411
Serie B,2020,411
Serie C,2020,411
Copa do Brasil,2020,411
Serie A,2020,412
Serie B,2020,412
Serie C,2020,412
Copa do Brasil,2020,412
Serie A,2020,413
Serie B,2020,413
Serie C,2020,413
Copa do Brasil,2020,413
Serie A,2020,414
Serie B,2020,414
Serie C,2020,414
Copa do Brasil,2020,414
Serie A,2020,415
Serie B,2020,415
Serie C,2020,415
Copa do Brasil,2020,415
Serie A,2020,416
Serie B,2020,416
Serie C,2020,416
Copa do Brasil,2020,416
Serie A,2020,417
Serie B,2020,417
Serie C,2020,417
Copa do Brasil,2020,417
Serie A,2020,418
Serie B,2020,418
Serie C,2020,418
Copa do Brasil,2020,418
Serie A,2020,419
Serie B,2020,419
Serie C,2020,419
Copa do Brasil,2020,419
Serie A,2020,420
Serie B,2020,420
Serie C,2020,420
Copa do Brasil,2020,420
Serie A,2020,421
Serie B,2020,421
Serie C,2020,421
Copa do Brasil,2020,421
Serie A,2020,422
Serie B,2020,422
Serie C,2020,422
Copa do Brasil,2020,422
Serie A,2020,423
Serie B,2020,423
Serie C,2020,423
Copa do Brasil,2020,423
Serie A,2020,424
Serie B,2020,424
Serie C,2020,424
Copa do Brasil,2020,424
Serie A,2020,425
Serie B,2020,425
Serie C,2020,425
Copa do Brasil,2020,425
Serie A,2020,426
Serie B,2020,426
Serie C,2020,426
Copa do Brasil,2020,426
Serie A,2020,427
Serie B,2020,427
Serie C,2020,427
Copa do Brasil,2020,427
Serie A,2020,428
Serie B,2020,428
Serie C,2020,428
Copa do Brasil,2020,428
Serie A,2020,429
Serie B,2020,429
Serie C,2020,429
Copa do Brasil,2020,429
Serie A,2020,430
Serie B,2020,430
Serie C,2020,430
Copa do Brasil,2020,430
Serie A,2020,431
Serie B,2020,431
Serie C,2020,431
Copa do Brasil,2020,431
Serie A,2020,432
Serie B,2020,432
Serie C,2020,432
Copa do Brasil,2020,432
Serie A,2020,433
Serie B,2020,433
Serie C,2020,433
Copa do Brasil,2020,433
Serie A,2020,434
Serie B,2020,434
Serie C,2020,434
Copa do Brasil,2020,434
Serie A,2020,435
Serie B,2020,435
Serie C,2020,435
Copa do Brasil,2020,435
Serie A,2020,436
Serie B,2020,436
Serie C,2020,436
Copa do Brasil,2020,436
Serie A,2020,437
Serie B,2020,437
Serie C,2020,437
Copa do Brasil,2020,437
Serie A,2020,438
Serie B,2020,438
Serie C,2020,438
Copa do Brasil,2020,438
Serie A,2020,439
Serie B,2020,439
Serie C,2020,439
Copa do Brasil,2020,439
Serie A,2020,440
Serie B,2020,440
Serie C,2020,440
Copa do Brasil,2020,440
Serie A,2020,441
Serie B,2020,441
Serie C,2020,441
Copa do Brasil,2020,441
Serie A,2020,442
Serie B,2020,442
Serie C,2020,442
Copa do Brasil,2020,442
Serie A,2020,443
Serie B,2020,443
Serie C,2020,443
Copa do Brasil,2020,443
Serie A,2020,444
Serie B,2020,444
Serie C,2020,444
Copa do Brasil,2020,444
Serie A,2020,445
Serie B,2020,445
Serie C,2020,445
Copa do Brasil,2020,445
Serie A,2020,446
Serie B,2020,446
Serie C,2020,446
Copa do Brasil,2020,446
Serie A,2020,447
Serie B,2020,447
Serie C,2020,447
Copa do Brasil,2020,447
Serie A,2020,448
Serie B,2020,448
Serie C,2020,448
Copa do Brasil,2020,448
Serie A,2020,449
Serie B,2020,449
Serie C,2020,449
Copa do Brasil,2020,449
Serie A,2020,450
Serie B,2020,450
Serie C,2020,450
Copa do Brasil,2020,450
Serie A,2020,451
Serie B,2020,451
Serie C,2020,451
Copa do Brasil,2020,451
Serie A,2020,452
Serie B,2020,452
Serie C,2020,452
Copa do Brasil,2020,452
Serie A,2020,453
Serie B,2020,453
Serie C,2020,453
Copa do Brasil,2020,453
Serie A,2020,454
Serie B,2020,454
Serie C,2020,454
Copa do Brasil,2020,454
Serie A,2020,455
Serie B,2020,455
Serie C,2020,455
Copa do Brasil,2020,455
Serie A,2020,456
Serie B,2020,456
Serie C,2020,456
Copa do Brasil,2020,456
Serie A,2020,457
Serie B,2020,457
Serie C,2020,457
Copa do Brasil,2020,457
Serie A,2020,458
Serie B,2020,458
Serie C,2020,458
Copa do Brasil,2020,458
Serie A,2020,459
Serie B,2020,459
Serie C,2020,459
Copa do Brasil,2020,459
Serie A,2020,460
Serie B,2020,460
Serie C,2020,460
Copa do Brasil,2020,460
Serie A,2020,461
Serie B,2020,461
Serie C,2020,461
Copa do Brasil,2020,461
Serie A,2020,462
Serie B,2020,462
Serie C,2020,462
Copa do Brasil,2020,462
Serie A,2020,463
Serie B,2020,463
Serie C,2020,463
Copa do Brasil,2020,463
Serie A,2020,464
Serie B,2020,464
Serie C,2020,464
Copa do Brasil,2020,464
Serie A,2020,465
Serie B,2020,465
Serie C,2020,465
Copa do Brasil,2020,465
Serie A,2020,466
Serie B,2020,466
Serie C,2020,466
Copa do Brasil,2020,466
Serie A,2020,467
Serie B,2020,467
Serie C,2020,467
Copa do Brasil,2020,467
Serie A,2020,468
Serie B,2020,468
Serie C,2020,468
Copa do Brasil,2020,468
Serie A,2020,469
Serie B,2020,469
Serie C,2020,469
Copa do Brasil,2020,469
Serie A,2020,470
Serie B,2020,470
Serie C,2020,470
Copa do Brasil,2020,470
Serie A,2020,471
Serie B,2020,471
Serie C,2020,471
Copa do Brasil,2020,471
Serie A,2020,472
Serie B,2020,472
Serie C,2020,472
Copa do Brasil,2020,472
Serie A,2020,473
Serie B,2020,473
Serie C,2020,473
Copa do Brasil,2020,473
Serie A,2020,474
Serie B,2020,474
Serie C,2020,474
Copa do Brasil,2020,474
Serie A,2020,475
Serie B,2020,475
Serie C,2020,475
Copa do Brasil,2020,475
Serie A,2020,476
Serie B,2020,476
Serie C,2020,476
Copa do Brasil,2020,476
Serie A,2020,477
Serie B,2020,477
Serie C,2020,477
Copa do Brasil,2020,477
Serie A,2020,478
Serie B,2020,478
Serie C,2020,478
Copa do Brasil,2020,478
Serie A,2020,479
Serie B,2020,479
Serie C,2020,479
Copa do Brasil,2020,479
Serie A,2020,480
Serie B,2020,480
Serie C,2020,480
Copa do Brasil,2020,480
Serie A,2020,481
Serie B,2020,481
Serie C,2020,481
Copa do Brasil,2020,481
Serie A,2020,482
Serie B,2020,482
Serie C,2020,482
Copa do Brasil,2020,482
Serie A,2020,483
Serie B,2020,483
Serie C,2020,483
Copa do Brasil,2020,483
Serie A,2020,484
Serie B,2020,484
Serie C,2020,484
Copa do Brasil,2020,484
Serie A,2020,485
Serie B,2020,485
Serie C,2020,485
Copa do Brasil,2020,485
Serie A,2020,486
Serie B,2020,486
Serie C,2020,486
Copa do Brasil,2020,486
Serie A,2020,487
Serie B,2020,487
Serie C,2020,487
Copa do Brasil,2020,487
Serie A,2020,488
Serie B,2020,488
Serie C,2020,488
Copa do Brasil,2020,488
Serie A,2020,489
Serie B,2020,489
Serie C,2020,489
Copa do Brasil,2020,489
Serie A,2020,490
Serie B,2020,490
Serie C,2020,490
Copa do Brasil,2020,490
Serie A,2020,491
Serie B,2020,491
Serie C,2020,491
Copa do Brasil,2020,491
Serie A,2020,492
Serie B,2020,492
Serie C,2020,492
Copa do Brasil,2020,492
Serie A,2020,493
Serie B,2020,493
Serie C,2020,493
Copa do Brasil,2020,493
Serie A,2020,494
Serie B,2020,494
Serie C,2020,494
Copa do Brasil,2020,494
Serie A,2020,495
Serie B,2020,495
Serie C,2020,495
Copa do Brasil,2020,495
Serie A,2020,496
Serie B,2020,496
Serie C,2020,496
Copa do Brasil,2020,496
Serie A,2020,497
Serie B,2020,497
Serie C,2020,497
Copa do Brasil,2020,497
Serie A,2020,498
Serie B,2020,498
Serie C,2020,498
Copa do Brasil,2020,498
Serie A,2020,499
Serie B,2020,499
Serie C,2020,499
Copa do Brasil,2020,499
Serie A,2020,500
Serie B,2020,500
Serie C,2020,500
Copa do Brasil,2020,500
Serie A,2020,501
Serie B,2020,501
Serie C,2020,501
Copa do Brasil,2020,501
Serie A,2020,502
Serie B,2020,502
Serie C,2020,502
Copa do Brasil,2020,502
Serie A,2020,503
Serie B,2020,503
Serie C,2020,503
Copa do Brasil,2020,503
Serie A,2020,504
Serie B,2020,504
Serie C,2020,504
Copa do Brasil,2020,504
Serie A,2020,505
Serie B,2020,505
Serie C,2020,505
Copa do Brasil,2020,505
Serie A,2020,506
Serie B,2020,506
Serie C,2020,506
Copa do Brasil,2020,506
Serie A,2020,507
Serie B,2020,507
Serie C,2020,507
Copa do Brasil,2020,507
Serie A,2020,508
Serie B,2020,508
Serie C,2020,508
Copa do Brasil,2020,508
Serie A,2020,509
Serie B,2020,509
Serie C,2020,509
Copa do Brasil,2020,509
Serie A,2020,510
Serie B,2020,510
Serie C,2020,510
Copa do Brasil,2020,510
Serie A,2020,511
Serie B,2020,511
Serie C,2020,511
Copa do Brasil,2020,511
Serie A,2020,512
Serie B,2020,512
Serie C,2020,512
Copa do Brasil,2020,512
Serie A,2020,513
Serie B,2020,513
Serie C,2020,513
Copa do Brasil,2020,513
Serie A,2020,514
Serie B,2020,514
Serie C,2020,514
Copa do Brasil,2020,514
Serie A,2020,515
Serie B,2020,515
Serie C,2020,515
Copa do Brasil,2020,515
Serie A,2020,516
Serie B,2020,516
Serie C,2020,516
Copa do Brasil,2020,516
Serie A,2020,517
Serie B,2020,517
Serie C,2020,517
Copa do Brasil,2020,517
Serie A,2020,518
Serie B,2020,518
Serie C,2020,518
Copa do Brasil,2020,518
Serie A,2020,519
Serie B,2020,519
Serie C,2020,519
Serie D,2020,519
Copa do Brasil,2020,519
Serie A,2020,520
Serie B,2020,520
Serie C,2020,520
Serie D,2020,520
Copa do Brasil,2020,520
Serie A,2020,521
Serie B,2020,521
Serie C,2020,521
Serie D,2020,521
Copa do Brasil,2020,521
Serie A,2020,522
Serie B,2020,522
Serie C,2020,522
Serie D,2020,522
Copa do Brasil,2020,522
Serie A,2020,523
Serie B,2020,523
Serie C,2020,523
Serie D,2020,523
Copa do Brasil,2020,523
Serie A,2020,524
Serie B,2020,524
Serie C,2020,524
Serie D,2020,524
Copa do Brasil,2020,524
Serie A,2020,525
Serie B,2020,525
Serie C,2020,525
Serie D,2020,525
Copa do Brasil,2020,525
Serie A,2020,526
Serie B,2020,526
Serie C,2020,526
Serie D,2020,526
Copa do Brasil,2020,526
Serie A,2020,527
Serie B,2020,527
Serie C,2020,527
Serie D,2020,527
Copa do Brasil,2020,527
Serie A,2020,528
Serie B,2020,528
Serie C,2020,528
Serie D,2020,528
Copa do Brasil,2020,528
Serie A,2020,529
Serie B,2020,529
Serie C,2020,529
Serie D,2020,529
Copa do Brasil,2020,529
Serie A,2020,530
Serie B,2020,530
Serie C,2020,530
Serie D,2020,530
Copa do Brasil,2020,530
Serie A,2020,531
Serie B,2020,531
Serie C,2020,531
Serie D,2020,531
Copa do Brasil,2020,531
Serie A,2020,532
Serie B,2020,532
Serie C,2020,532
Serie D,2020,532
Copa do Brasil,2020,532
Serie A,2020,533
Serie B,2020,533
Serie C,2020,533
Serie D,2020,533
Copa do Brasil,2020,533
Serie A,2020,534
Serie B,2020,534
Serie C,2020,534
Serie D,2020,534
Copa do Brasil,2020,534
Serie A,2020,535
Serie B,2020,535
Serie C,2020,535
Serie D,2020,535
Copa do Brasil,2020,535
Serie A,2020,536
Serie B,2020,536
Serie C,2020,536
Serie D,2020,536
Copa do Brasil,2020,536
Serie A,2020,537
Serie B,2020,537
Serie C,2020,537
Serie D,2020,537
Copa do Brasil,2020,537
Serie A,2020,538
Serie B,2020,538
Serie C,2020,538
Serie D,2020,538
Copa do Brasil,2020,538
Serie A,2020,539
Serie B,2020,539
Serie C,2020,539
Serie D,2020,539
Copa do Brasil,2020,539
Serie A,2020,540
Serie B,2020,540
Serie C,2020,540
Serie D,2020,540
Copa do Brasil,2020,540
Serie A,2020,541
Serie B,2020,541
Serie C,2020,541
Serie D,2020,541
Copa do Brasil,2020,541
Serie A,2020,542
Serie B,2020,542
Serie C,2020,542
Serie D,2020,542
Copa do Brasil,2020,542
Serie A,2020,543
Serie B,2020,543
Serie C,2020,543
Serie D,2020,543
Copa do Brasil,2020,543
Serie A,2020,544
Serie B,2020,544
Serie C,2020,544
Serie D,2020,544
Copa do Brasil,2020,544
Serie A,2020,545
Serie B,2020,545
Serie C,2020,545
Serie D,2020,545
Copa do Brasil,2020,545
Serie A,2020,546
Serie B,2020,546
Serie C,2020,546
Serie D,2020,546
Copa do Brasil,2020,546
Serie A,2020,547
Serie B,2020,547
Serie C,2020,547
Serie D,2020,547
Copa do Brasil,2020,547
Serie A,2020,548
Serie B,2020,548
Serie C,2020,548
Serie D,2020,548
Copa do Brasil,2020,548
Serie A,2020,549
Serie B,2020,549
Serie C,2020,549
Serie D,2020,549
Copa do Brasil,2020,549
Serie A,2020,550
Serie B,2020,550
Serie C,2020,550
Serie D,2020,550
Copa do Brasil,2020,550
Serie A,2020,551
Serie B,2020,551
Serie C,2020,551
Serie D,2020,551
Copa do Brasil,2020,551
Serie A,2020,552
Serie B,2020,552
Serie C,2020,552
Serie D,2020,552
Copa do Brasil,2020,552
Serie A,2020,553
Serie B,2020,553
Serie C,2020,553
Serie D,2020,553
Copa do Brasil,2020,553
Serie A,2020,554
Serie B,2020,554
Serie C,2020,554
Serie D,2020,554
Copa do Brasil,2020,554
Serie A,2020,555
Serie B,2020,555
Serie C,2020,555
Serie D,2020,555
Copa do Brasil,2020,555
Serie A,2020,556
Serie B,2020,556
Serie C,2020,556
Serie D,2020,556
Copa do Brasil,2020,556
Serie A,2020,557
Serie B,2020,557
Serie C,2020,557
Serie D,2020,557
Copa do Brasil,2020,557
Serie A,2020,558
Serie B,2020,558
Serie C,2020,558
Serie D,2020,558
Copa do Brasil,2020,558
Serie A,2020,559
Serie B,2020,559
Serie C,2020,559
Serie D,2020,559
Copa do Brasil,2020,559
Serie A,2020,560
Serie B,2020,560
Serie C,2020,560
Serie D,2020,560
Copa do Brasil,2020,560
Serie A,2020,561
Serie B,2020,561
Serie C,2020,561
Serie D,2020,561
Copa do Brasil,2020,561
Serie A,2020,562
Serie B,2020,562
Serie C,2020,562
Serie D,2020,562
Copa do Brasil,2020,562
Serie A,2020,563
Serie B,2020,563
Serie C,2020,563
Serie D,2020,563
Copa do Brasil,2020,563
Serie A,2020,564
Serie B,2020,564
Serie C,2020,564
Serie D,2020,564
Copa do Brasil,2020,564
Serie A,2020,565
Serie B,2020,565
Serie C,2020,565
Serie D,2020,565
Copa do Brasil,2020,565
Serie A,2020,566
Serie B,2020,566
Serie C,2020,566
Serie D,2020,566
Copa do Brasil,2020,566
Serie A,2020,567
Serie B,2020,567
Serie C,2020,567
Serie D,2020,567
Copa do Brasil,2020,567
Serie A,2020,568
Serie B,2020,568
Serie C,2020,568
Serie D,2020,568
Copa do Brasil,2020,568
Serie A,2020,569
Serie B,2020,569
Serie C,2020,569
Serie D,2020,569
Copa do Brasil,2020,569
Serie A,2020,570
Serie B,2020,570
Serie C,2020,570
Serie D,2020,570
Copa do Brasil,2020,570
Serie A,2020,571
Serie B,2020,571
Serie C,2020,571
Serie D,2020,571
Copa do Brasil,2020,571
Serie A,2020,572
Serie B,2020,572
Serie C,2020,572
Serie D,2020,572
Copa do Brasil,2020,572
Serie A,2020,573
Serie B,2020,573
Serie C,2020,573
Serie D,2020,573
Copa do Brasil,2020,573
Serie A,2020,574
Serie B,2020,574
Serie C,2020,574
Serie D,2020,574
Copa do Brasil,2020,574
Serie A,2020,575
Serie B,2020,575
Serie C,2020,575
Serie D,2020,575
Copa do Brasil,2020,575
Serie A,2020,576
Serie B,2020,576
Serie C,2020,576
Serie D,2020,576
Copa do Brasil,2020,576
Serie A,2020,577
Serie B,2020,577
Serie C,2020,577
Serie D,2020,577
Copa do Brasil,2020,577
Serie A,2020,578
Serie B,2020,578
Serie C,2020,578
Serie D,2020,578
Copa do Brasil,2020,578
Serie A,2020,579
Serie B,2020,579
Serie C,2020,579
Serie D,2020,579
Copa do Brasil,2020,579
Serie A,2020,580
Serie B,2020,580
Serie C,2020,580
Serie D,2020,580
Copa do Brasil,2020,580
Serie A,2020,581
Serie B,2020,581
Serie C,2020,581
Serie D,2020,581
Copa do Brasil,2020,581
Serie A,2020,582
Serie B,2020,582
Serie C,2020,582
Serie D,2020,582
Copa do Brasil,2020,582
Serie A,2020,583
Serie B,2020,583
Serie C,2020,583
Serie D,2020,583
Copa do Brasil,2020,583
Serie A,2020,584
Serie B,2020,584
Serie C,2020,584
Serie D,2020,584
Copa do Brasil,2020,584
Serie A,2020,585
Serie B,2020,585
Serie C,2020,585
Serie D,2020,585
Copa do Brasil,2020,585
Serie A,2020,586
Serie B,2020,586
Serie C,2020,586
Serie D,2020,586
Copa do Brasil,2020,586
Serie A,2020,587
Serie B,2020,587
Serie C,2020,587
Serie D,2020,587
Copa do Brasil,2020,587
Serie A,2020,588
Serie B,2020,588
Serie C,2020,588
Serie D,2020,588
Copa do Brasil,2020,588
Serie A,2020,589
Serie B,2020,589
Serie C,2020,589
Serie D,2020,589
Copa do Brasil,2020,589
Serie A,2020,590
Serie B,2020,590
Serie C,2020,590
Serie D,2020,590
Copa do Brasil,2020,590
Serie A,2020,591
Serie B,2020,591
Serie C,2020,591
Serie D,2020,591
Copa do Brasil,2020,591
Serie A,2020,592
Serie B,2020,592
Serie C,2020,592
Serie D,2020,592
Copa do Brasil,2020,592
Serie A,2020,593
Serie B,2020,593
Serie C,2020,593
Serie D,2020,593
Copa do Brasil,2020,593
Serie A,2020,594
Serie B,2020,594
Serie C,2020,594
Serie D,2020,594
Copa do Brasil,2020,594
Serie A,2020,595
Serie B,2020,595
Serie C,2020,595
Serie D,2020,595
Copa do Brasil,2020,595
Serie A,2020,596
Serie B,2020,596
Serie C,2020,596
Serie D,2020,596
Copa do Brasil,2020,596
Serie A,2020,597
Serie B,2020,597
Serie C,2020,597
Serie D,2020,597
Copa do Brasil,2020,597
Serie A,2020,598
Serie B,2020,598
Serie C,2020,598
Serie D,2020,598
Copa do Brasil,2020,598
Serie A,2020,599
Serie B,2020,599
Serie C,2020,599
Serie D,2020,599
Copa do Brasil,2020,599
Serie A,2020,600
Serie B,2020,600
Serie C,2020,600
Serie D,2020,600
Copa do Brasil,2020,600
Serie A,2021,015
Serie A,2021,038
Serie D,2021,045
Serie D,2021,046
Serie D,2021,047
Serie D,2021,048
Serie D,2021,049
Serie A,2021,050
Serie D,2021,050
Serie D,2021,051
Serie D,2021,052
Serie D,2021,053
Serie D,2021,054
Serie D,2021,055
Serie D,2021,056
Serie D,2021,057
Serie D,2021,058
Serie D,2021,059
Serie D,2021,060
Serie D,2021,061
Serie D,2021,062
Serie D,2021,063
Serie D,2021,064
Copa do Brasil,2021,076
Serie C,2021,101
Serie D,2021,101
Serie C,2021,102
Serie D,2021,102
Serie C,2021,103
Serie D,2021,103
Serie C,2021,104
Serie D,2021,104
Serie C,2021,105
Serie D,2021,105
Copa do Brasil,2021,105
Serie C,2021,106
Serie D,2021,106
Serie C,2021,107
Serie D,2021,107
Serie C,2021,108
Serie D,2021,108
Copa do Brasil,2021,108
Serie C,2021,109
Serie D,2021,109
Copa do Brasil,2021,109
Serie C,2021,110
Serie D,2021,110
Copa do Brasil,2021,110
Serie C,2021,111
Serie D,2021,111
Copa do Brasil,2021,111
Serie C,2021,112
Serie D,2021,112
Copa do Brasil,2021,112
Serie C,2021,113
Serie D,2021,113
Copa do Brasil,2021,113
Serie C,2021,114
Serie D,2021,114
Copa do Brasil,2021,114
Serie C,2021,115
Serie D,2021,115
Copa do Brasil,2021,115
Serie C,2021,116
Serie D,2021,116
Copa do Brasil,2021,116
Serie C,2021,117
Serie D,2021,117
Copa do Brasil,2021,117
Serie C,2021,118
Serie D,2021,118
Copa do Brasil,2021,118
Serie C,2021,119
Serie D,2021,119
Copa do Brasil,2021,119
Serie C,2021,120
Serie D,2021,120
Copa do Brasil,2021,120
Serie C,2021,121
Copa do Brasil,2021,121
Serie C,2021,122
Copa do Brasil,2021,122
Serie C,2021,123
Copa do Brasil,2021,123
Serie C,2021,124
Copa do Brasil,2021,124
Serie C,2021,125
Copa do Brasil,2021,125
Serie C,2021,126
Copa do Brasil,2021,126
Serie C,2021,127
Copa do Brasil,2021,127
Serie C,2021,128
Copa do Brasil,2021,128
Serie C,2021,129
Copa do Brasil,2021,129
Serie C,2021,130
Copa do Brasil,2021,130
Serie A,2021,131
Serie C,2021,131
Copa do Brasil,2021,131
Serie C,2021,132
Copa do Brasil,2021,132
Serie C,2021,133
Copa do Brasil,2021,133
Serie C,2021,134
Copa do Brasil,2021,134
Serie C,2021,135
Copa do Brasil,2021,135
Serie C,2021,136
Copa do Brasil,2021,136
Serie C,2021,137
Copa do Brasil,2021,137
Serie C,2021,138
Copa do Brasil,2021,138
Serie C,2021,139
Copa do Brasil,2021,139
Serie C,2021,140
Copa do Brasil,2021,140
Serie A,2021,141
Serie C,2021,141
Copa do Brasil,2021,141
Serie A,2021,142
Serie C,2021,142
Copa do Brasil,2021,142
Serie A,2021,143
Serie C,2021,143
Copa do Brasil,2021,143
Serie A,2021,144
Serie C,2021,144
Copa do Brasil,2021,144
Serie A,2021,145
Serie C,2021,145
Copa do Brasil,2021,145
Serie A,2021,146
Serie C,2021,146
Copa do Brasil,2021,146
Serie A,2021,147
Serie C,2021,147
Copa do Brasil,2021,147
Serie A,2021,148
Serie C,2021,148
Copa do Brasil,2021,148
Serie A,2021,149
Serie C,2021,149
Copa do Brasil,2021,149
Serie A,2021,150
Serie C,2021,150
Copa do Brasil,2021,150
Serie A,2021,151
Serie B,2021,151
Serie C,2021,151
Copa do Brasil,2021,151
Serie A,2021,152
Serie B,2021,152
Serie C,2021,152
Copa do Brasil,2021,152
Serie A,2021,153
Serie B,2021,153
Serie C,2021,153
Copa do Brasil,2021,153
Serie A,2021,154
Serie B,2021,154
Serie C,2021,154
Copa do Brasil,2021,154
Serie A,2021,155
Serie B,2021,155
Serie C,2021,155
Copa do Brasil,2021,155
Serie A,2021,156
Serie B,2021,156
Serie C,2021,156
Copa do Brasil,2021,156
Serie A,2021,157
Serie B,2021,157
Serie C,2021,157
Serie D,2021,157
Copa do Brasil,2021,157
Serie A,2021,158
Serie B,2021,158
Serie C,2021,158
Serie D,2021,158
Copa do Brasil,2021,158
Serie A,2021,159
Serie B,2021,159
Serie C,2021,159
Serie D,2021,159
Copa do Brasil,2021,159
Serie A,2021,160
Serie B,2021,160
Serie C,2021,160
Serie D,2021,160
Copa do Brasil,2021,160
Serie A,2021,161
Serie B,2021,161
Serie C,2021,161
Serie D,2021,161
Copa do Brasil,2021,161
Serie A,2021,162
Serie B,2021,162
Serie C,2021,162
Serie D,2021,162
Copa do Brasil,2021,162
Serie A,2021,163
Serie B,2021,163
Serie C,2021,163
Serie D,2021,163
Copa do Brasil,2021,163
Serie A,2021,164
Serie B,2021,164
Serie C,2021,164
Serie D,2021,164
Copa do Brasil,2021,164
Serie A,2021,165
Serie B,2021,165
Serie C,2021,165
Serie D,2021,165
Copa do Brasil,2021,165
Serie A,2021,166
Serie B,2021,166
Serie C,2021,166
Serie D,2021,166
Copa do Brasil,2021,166
Serie A,2021,167
Serie B,2021,167
Serie C,2021,167
Serie D,2021,167
Copa do Brasil,2021,167
Serie A,2021,168
Serie B,2021,168
Serie C,2021,168
Serie D,2021,168
Copa do Brasil,2021,168
Serie A,2021,169
Serie B,2021,169
Serie C,2021,169
Serie D,2021,169
Copa do Brasil,2021,169
Serie A,2021,170
Serie B,2021,170
Serie C,2021,170
Serie D,2021,170
Copa do Brasil,2021,170
Serie A,2021,171
Serie B,2021,171
Serie C,2021,171
Serie D,2021,171
Copa do Brasil,2021,171
Serie A,2021,172
Serie B,2021,172
Serie C,2021,172
Serie D,2021,172
Copa do Brasil,2021,172
Serie A,2021,173
Serie B,2021,173
Serie C,2021,173
Serie D,2021,173
Copa do Brasil,2021,173
Serie A,2021,174
Serie B,2021,174
Serie C,2021,174
Serie D,2021,174
Copa do Brasil,2021,174
Serie A,2021,175
Serie B,2021,175
Serie C,2021,175
Serie D,2021,175
Copa do Brasil,2021,175
Serie A,2021,176
Serie B,2021,176
Serie C,2021,176
Serie D,2021,176
Copa do Brasil,2021,176
Serie A,2021,177
Serie B,2021,177
Serie C,2021,177
Copa do Brasil,2021,177
Serie A,2021,178
Serie B,2021,178
Serie C,2021,178
Copa do Brasil,2021,178
Serie A,2021,179
Serie B,2021,179
Serie C,2021,179
Copa do Brasil,2021,179
Serie A,2021,180
Serie B,2021,180
Serie C,2021,180
Copa do Brasil,2021,180
Serie A,2021,181
Serie B,2021,181
Serie C,2021,181
Copa do Brasil,2021,181
Serie A,2021,182
Serie B,2021,182
Serie C,2021,182
Copa do Brasil,2021,182
Serie A,2021,183
Serie B,2021,183
Serie C,2021,183
Copa do Brasil,2021,183
Serie A,2021,184
Serie B,2021,184
Serie C,2021,184
Copa do Brasil,2021,184
Serie A,2021,185
Serie B,2021,185
Serie C,2021,185
Copa do Brasil,2021,185
Serie A,2021,186
Serie B,2021,186
Serie C,2021,186
Copa do Brasil,2021,186
Serie A,2021,187
Serie B,2021,187
Serie C,2021,187
Copa do Brasil,2021,187
Serie A,2021,188
Serie B,2021,188
Serie C,2021,188
Copa do Brasil,2021,188
Serie A,2021,189
Serie B,2021,189
Serie C,2021,189
Copa do Brasil,2021,189
Serie A,2021,190
Serie B,2021,190
Serie C,2021,190
Copa do Brasil,2021,190
Serie A,2021,191
Serie B,2021,191
Serie C,2021,191
Copa do Brasil,2021,191
Serie A,2021,192
Serie B,2021,192
Serie C,2021,192
Copa do Brasil,2021,192
Serie A,2021,193
Serie B,2021,193
Serie C,2021,193
Copa do Brasil,2021,193
Serie A,2021,194
Serie B,2021,194
Serie C,2021,194
Copa do Brasil,2021,194
Serie A,2021,195
Serie B,2021,195
Serie C,2021,195
Copa do Brasil,2021,195
Serie A,2021,196
Serie B,2021,196
Serie C,2021,196
Copa do Brasil,2021,196
Serie A,2021,197
Serie B,2021,197
Serie C,2021,197
Copa do Brasil,2021,197
Serie A,2021,198
Serie B,2021,198
Serie C,2021,198
Copa do Brasil,2021,198
Serie A,2021,199
Serie B,2021,199
Serie C,2021,199
Copa do Brasil,2021,199
Serie A,2021,200
Serie B,2021,200
Serie C,2021,200
Copa do Brasil,2021,200
Serie A,2021,201
Serie B,2021,201
Serie C,2021,201
Copa do Brasil,2021,201
Serie A,2021,202
Serie B,2021,202
Serie C,2021,202
Copa do Brasil,2021,202
Serie A,2021,203
Serie B,2021,203
Serie C,2021,203
Copa do Brasil,2021,203
Serie A,2021,204
Serie B,2021,204
Serie C,2021,204
Copa do Brasil,2021,204
Serie A,2021,205
Serie B,2021,205
Serie C,2021,205
Copa do Brasil,2021,205
Serie A,2021,206
Serie B,2021,206
Serie C,2021,206
Copa do Brasil,2021,206
Serie A,2021,207
Serie B,2021,207
Serie C,2021,207
Copa do Brasil,2021,207
Serie A,2021,208
Serie B,2021,208
Serie C,2021,208
Copa do Brasil,2021,208
Serie A,2021,209
Serie B,2021,209
Serie C,2021,209
Copa do Brasil,2021,209
Serie A,2021,210
Serie B,2021,210
Serie C,2021,210
Copa do Brasil,2021,210
Serie A,2021,211
Serie B,2021,211
Serie C,2021,211
Copa do Brasil,2021,211
Serie A,2021,212
Serie B,2021,212
Serie C,2021,212
Copa do Brasil,2021,212
Serie A,2021,213
Serie B,2021,213
Serie C,2021,213
Serie D,2021,213
Copa do Brasil,2021,213
Serie A,2021,214
Serie B,2021,214
Serie C,2021,214
Serie D,2021,214
Copa do Brasil,2021,214
Serie A,2021,215
Serie B,2021,215
Serie C,2021,215
Serie D,2021,215
Copa do Brasil,2021,215
Serie A,2021,216
Serie B,2021,216
Serie C,2021,216
Serie D,2021,216
Copa do Brasil,2021,216
Serie A,2021,217
Serie B,2021,217
Serie C,2021,217
Serie D,2021,217
Copa do Brasil,2021,217
Serie A,2021,218
Serie B,2021,218
Serie C,2021,218
Serie D,2021,218
Copa do Brasil,2021,218
Serie A,2021,219
Serie B,2021,219
Serie C,2021,219
Serie D,2021,219
Copa do Brasil,2021,219
Serie A,2021,220
Serie B,2021,220
Serie C,2021,220
Serie D,2021,220
Copa do Brasil,2021,220
Serie A,2021,221
Serie B,2021,221
Serie C,2021,221
Serie D,2021,221
Copa do Brasil,2021,221
Serie A,2021,222
Serie B,2021,222
Serie C,2021,222
Serie D,2021,222
Copa do Brasil,2021,222
Serie A,2021,223
Serie B,2021,223
Serie C,2021,223
Serie D,2021,223
Copa do Brasil,2021,223
Serie A,2021,224
Serie B,2021,224
Serie C,2021,224
Serie D,2021,224
Copa do Brasil,2021,224
Serie A,2021,225
Serie B,2021,225
Serie C,2021,225
Serie D,2021,225
Copa do Brasil,2021,225
Serie A,2021,226
Serie B,2021,226
Serie C,2021,226
Serie D,2021,226
Copa do Brasil,2021,226
Serie A,2021,227
Serie B,2021,227
Serie C,2021,227
Serie D,2021,227
Copa do Brasil,2021,227
Serie A,2021,228
Serie B,2021,228
Serie C,2021,228
Serie D,2021,228
Copa do Brasil,2021,228
Serie A,2021,229
Serie B,2021,229
Serie C,2021,229
Serie D,2021,229
Copa do Brasil,2021,229
Serie A,2021,230
Serie B,2021,230
Serie C,2021,230
Serie D,2021,230
Copa do Brasil,2021,230
Serie A,2021,231
Serie B,2021,231
Serie C,2021,231
Serie D,2021,231
Copa do Brasil,2021,231
Serie A,2021,232
Serie B,2021,232
Serie C,2021,232
Serie D,2021,232
Copa do Brasil,2021,232
Serie A,2021,233
Serie B,2021,233
Serie C,2021,233
Copa do Brasil,2021,233
Serie A,2021,234
Serie B,2021,234
Serie C,2021,234
Copa do Brasil,2021,234
Serie A,2021,235
Serie B,2021,235
Serie C,2021,235
Copa do Brasil,2021,235
Serie A,2021,236
Serie B,2021,236
Serie C,2021,236
Copa do Brasil,2021,236
Serie A,2021,237
Serie B,2021,237
Serie C,2021,237
Copa do Brasil,2021,237
Serie A,2021,238
Serie B,2021,238
Serie C,2021,238
Copa do Brasil,2021,238
Serie A,2021,239
Serie B,2021,239
Serie C,2021,239
Copa do Brasil,2021,239
Serie A,2021,240
Serie B,2021,240
Serie C,2021,240
Copa do Brasil,2021,240
Serie A,2021,241
Serie B,2021,241
Serie C,2021,241
Copa do Brasil,2021,241
Serie A,2021,242
Serie B,2021,242
Serie C,2021,242
Copa do Brasil,2021,242
Serie A,2021,243
Serie B,2021,243
Serie C,2021,243
Copa do Brasil,2021,243
Serie A,2021,244
Serie B,2021,244
Serie C,2021,244
Copa do Brasil,2021,244
Serie A,2021,245
Serie B,2021,245
Serie C,2021,245
Copa do Brasil,2021,245
Serie A,2021,246
Serie B,2021,246
Serie C,2021,246
Copa do Brasil,2021,246
Serie A,2021,247
Serie B,2021,247
Serie C,2021,247
Copa do Brasil,2021,247
Serie A,2021,248
Serie B,2021,248
Serie C,2021,248
Copa do Brasil,2021,248
Serie A,2021,249
Serie B,2021,249
Serie C,2021,249
Copa do Brasil,2021,249
Serie A,2021,250
Serie B,2021,250
Serie C,2021,250
Copa do Brasil,2021,250
Serie A,2021,251
Serie B,2021,251
Serie C,2021,251
Copa do Brasil,2021,251
Serie A,2021,252
Serie B,2021,252
Serie C,2021,252
Copa do Brasil,2021,252
Serie A,2021,253
Serie B,2021,253
Serie C,2021,253
Copa do Brasil,2021,253
Serie A,2021,254
Serie B,2021,254
Serie C,2021,254
Copa do Brasil,2021,254
Serie A,2021,255
Serie B,2021,255
Serie C,2021,255
Copa do Brasil,2021,255
Serie A,2021,256
Serie B,2021,256
Serie C,2021,256
Copa do Brasil,2021,256
Serie A,2021,257
Serie B,2021,257
Serie C,2021,257
Copa do Brasil,2021,257
Serie A,2021,258
Serie B,2021,258
Serie C,2021,258
Copa do Brasil,2021,258
Serie A,2021,259
Serie B,2021,259
Serie C,2021,259
Copa do Brasil,2021,259
Serie A,2021,260
Serie B,2021,260
Serie C,2021,260
Copa do Brasil,2021,260
Serie A,2021,261
Serie B,2021,261
Serie C,2021,261
Copa do Brasil,2021,261
Serie A,2021,262
Serie B,2021,262
Serie C,2021,262
Copa do Brasil,2021,262
Serie A,2021,263
Serie B,2021,263
Serie C,2021,263
Copa do Brasil,2021,263
Serie A,2021,264
Serie B,2021,264
Serie C,2021,264
Copa do Brasil,2021,264
Serie A,2021,265
Serie B,2021,265
Serie C,2021,265
Copa do Brasil,2021,265
Serie A,2021,266
Serie B,2021,266
Serie C,2021,266
Copa do Brasil,2021,266
Serie A,2021,267
Serie B,2021,267
Serie C,2021,267
Copa do Brasil,2021,267
Serie A,2021,268
Serie B,2021,268
Serie C,2021,268
Copa do Brasil,2021,268
Serie A,2021,269
Serie B,2021,269
Serie C,2021,269
Serie D,2021,269
Copa do Brasil,2021,269
Serie A,2021,270
Serie B,2021,270
Serie C,2021,270
Serie D,2021,270
Copa do Brasil,2021,270
Serie A,2021,271
Serie B,2021,271
Serie C,2021,271
Serie D,2021,271
Copa do Brasil,2021,271
Serie A,2021,272
Serie B,2021,272
Serie C,2021,272
Serie D,2021,272
Copa do Brasil,2021,272
Serie A,2021,273
Serie B,2021,273
Serie C,2021,273
Serie D,2021,273
Copa do Brasil,2021,273
Serie A,2021,274
Serie B,2021,274
Serie C,2021,274
Serie D,2021,274
Copa do Brasil,2021,274
Serie A,2021,275
Serie B,2021,275
Serie C,2021,275
Serie D,2021,275
Copa do Brasil,2021,275
Serie A,2021,276
Serie B,2021,276
Serie C,2021,276
Serie D,2021,276
Copa do Brasil,2021,276
Serie A,2021,277
Serie B,2021,277
Serie C,2021,277
Serie D,2021,277
Copa do Brasil,2021,277
Serie A,2021,278
Serie B,2021,278
Serie C,2021,278
Serie D,2021,278
Copa do Brasil,2021,278
Serie A,2021,279
Serie B,2021,279
Serie C,2021,279
Serie D,2021,279
Copa do Brasil,2021,279
Serie A,2021,280
Serie B,2021,280
Serie C,2021,280
Serie D,2021,280
Copa do Brasil,2021,280
Serie A,2021,281
Serie B,2021,281
Serie C,2021,281
Serie D,2021,281
Copa do Brasil,2021,281
Serie A,2021,282
Serie B,2021,282
Serie C,2021,282
Serie D,2021,282
Copa do Brasil,2021,282
Serie A,2021,283
Serie B,2021,283
Serie C,2021,283
Serie D,2021,283
Copa do Brasil,2021,283
Serie A,2021,284
Serie B,2021,284
Serie C,2021,284
Serie D,2021,284
Copa do Brasil,2021,284
Serie A,2021,285
Serie B,2021,285
Serie C,2021,285
Serie D,2021,285
Copa do Brasil,2021,285
Serie A,2021,286
Serie B,2021,286
Serie C,2021,286
Serie D,2021,286
Copa do Brasil,2021,286
Serie A,2021,287
Serie B,2021,287
Serie C,2021,287
Serie D,2021,287
Copa do Brasil,2021,287
Serie A,2021,288
Serie B,2021,288
Serie C,2021,288
Serie D,2021,288
Copa do Brasil,2021,288
Serie A,2021,289
Serie B,2021,289
Serie C,2021,289
Copa do Brasil,2021,289
Serie A,2021,290
Serie B,2021,290
Serie C,2021,290
Copa do Brasil,2021,290
Serie A,2021,291
Serie B,2021,291
Serie C,2021,291
Copa do Brasil,2021,291
Serie A,2021,292
Serie B,2021,292
Serie C,2021,292
Copa do Brasil,2021,292
Serie A,2021,293
Serie B,2021,293
Serie C,2021,293
Copa do Brasil,2021,293
Serie A,2021,294
Serie B,2021,294
Serie C,2021,294
Copa do Brasil,2021,294
Serie A,2021,295
Serie B,2021,295
Serie C,2021,295
Copa do Brasil,2021,295
Serie A,2021,296
Serie B,2021,296
Serie C,2021,296
Copa do Brasil,2021,296
Serie A,2021,297
Serie B,2021,297
Serie C,2021,297
Copa do Brasil,2021,297
Serie A,2021,298
Serie B,2021,298
Serie C,2021,298
Copa do Brasil,2021,298
Serie A,2021,299
Serie B,2021,299
Serie C,2021,299
Copa do Brasil,2021,299
Serie A,2021,300
Serie B,2021,300
Serie C,2021,300
Copa do Brasil,2021,300
Serie A,2021,301
Serie B,2021,301
Serie C,2021,301
Copa do Brasil,2021,301
Serie A,2021,302
Serie B,2021,302
Serie C,2021,302
Copa do Brasil,2021,302
Serie A,2021,303
Serie B,2021,303
Serie C,2021,303
Copa do Brasil,2021,303
Serie A,2021,304
Serie B,2021,304
Serie C,2021,304
Copa do Brasil,2021,304
Serie A,2021,305
Serie B,2021,305
Serie C,2021,305
Copa do Brasil,2021,305
Serie A,2021,306
Serie B,2021,306
Serie C,2021,306
Copa do Brasil,2021,306
Serie A,2021,307
Serie B,2021,307
Serie C,2021,307
Copa do Brasil,2021,307
Serie A,2021,308
Serie B,2021,308
Serie C,2021,308
Copa do Brasil,2021,308
Serie A,2021,309
Serie B,2021,309
Serie C,2021,309
Copa do Brasil,2021,309
Serie A,2021,310
Serie B,2021,310
Serie C,2021,310
Copa do Brasil,2021,310
Serie A,2021,311
Serie B,2021,311
Serie C,2021,311
Copa do Brasil,2021,311
Serie A,2021,312
Serie B,2021,312
Serie C,2021,312
Copa do Brasil,2021,312
Serie A,2021,313
Serie B,2021,313
Serie C,2021,313
Copa do Brasil,2021,313
Serie A,2021,314
Serie B,2021,314
Serie C,2021,314
Copa do Brasil,2021,314
Serie A,2021,315
Serie B,2021,315
Serie C,2021,315
Copa do Brasil,2021,315
Serie A,2021,316
Serie B,2021,316
Serie C,2021,316
Copa do Brasil,2021,316
Serie A,2021,317
Serie B,2021,317
Serie C,2021,317
Copa do Brasil,2021,317
Serie A,2021,318
Serie B,2021,318
Serie C,2021,318
Copa do Brasil,2021,318
Serie A,2021,319
Serie B,2021,319
Serie C,2021,319
Copa do Brasil,2021,319
Serie A,2021,320
Serie B,2021,320
Serie C,2021,320
Copa do Brasil,2021,320
Serie A,2021,321
Serie B,2021,321
Serie C,2021,321
Copa do Brasil,2021,321
Serie A,2021,322
Serie B,2021,322
Serie C,2021,322
Copa do Brasil,2021,322
Serie A,2021,323
Serie B,2021,323
Serie C,2021,323
Copa do Brasil,2021,323
Serie A,2021,324
Serie B,2021,324
Serie C,2021,324
Copa do Brasil,2021,324
Serie A,2021,325
Serie B,2021,325
Serie C,2021,325
Serie D,2021,325
Copa do Brasil,2021,325
Serie A,2021,326
Serie B,2021,326
Serie C,2021,326
Serie D,2021,326
Copa do Brasil,2021,326
Serie A,2021,327
Serie B,2021,327
Serie C,2021,327
Serie D,2021,327
Copa do Brasil,2021,327
Serie A,2021,328
Serie B,2021,328
Serie C,2021,328
Serie D,2021,328
Copa do Brasil,2021,328
Serie A,2021,329
Serie B,2021,329
Serie C,2021,329
Serie D,2021,329
Copa do Brasil,2021,329
Serie A,2021,330
Serie B,2021,330
Serie C,2021,330
Serie D,2021,330
Copa do Brasil,2021,330
Serie A,2021,331
Serie B,2021,331
Serie C,2021,331
Serie D,2021,331
Copa do Brasil,2021,331
Serie A,2021,332
Serie B,2021,332
Serie C,2021,332
Serie D,2021,332
Copa do Brasil,2021,332
Serie A,2021,333
Serie B,2021,333
Serie C,2021,333
Serie D,2021,333
Copa do Brasil,2021,333
Serie A,2021,334
Serie B,2021,334
Serie C,2021,334
Serie D,2021,334
Copa do Brasil,2021,334
Serie A,2021,335
Serie B,2021,335
Serie C,2021,335
Serie D,2021,335
Copa do Brasil,2021,335
Serie A,2021,336
Serie B,2021,336
Serie C,2021,336
Serie D,2021,336
Copa do Brasil,2021,336
Serie A,2021,337
Serie B,2021,337
Serie C,2021,337
Serie D,2021,337
Copa do Brasil,2021,337
Serie A,2021,338
Serie B,2021,338
Serie C,2021,338
Serie D,2021,338
Copa do Brasil,2021,338
Serie A,2021,339
Serie B,2021,339
Serie C,2021,339
Serie D,2021,339
Copa do Brasil,2021,339
Serie A,2021,340
Serie B,2021,340
Serie C,2021,340
Serie D,2021,340
Copa do Brasil,2021,340
Serie A,2021,341
Serie B,2021,341
Serie C,2021,341
Serie D,2021,341
Copa do Brasil,2021,341
Serie A,2021,342
Serie B,2021,342
Serie C,2021,342
Serie D,2021,342
Copa do Brasil,2021,342
Serie A,2021,343
Serie B,2021,343
Serie C,2021,343
Serie D,2021,343
Copa do Brasil,2021,343
Serie A,2021,344
Serie B,2021,344
Serie C,2021,344
Serie D,2021,344
Copa do Brasil,2021,344
Serie A,2021,345
Serie B,2021,345
Serie C,2021,345
Copa do Brasil,2021,345
Serie A,2021,346
Serie B,2021,346
Serie C,2021,346
Copa do Brasil,2021,346
Serie A,2021,347
Serie B,2021,347
Serie C,2021,347
Copa do Brasil,2021,347
Serie A,2021,348
Serie B,2021,348
Serie C,2021,348
Copa do Brasil,2021,348
Serie A,2021,349
Serie B,2021,349
Serie C,2021,349
Copa do Brasil,2021,349
Serie A,2021,350
Serie B,2021,350
Serie C,2021,350
Copa do Brasil,2021,350
Serie A,2021,351
Serie B,2021,351
Serie C,2021,351
Copa do Brasil,2021,351
Serie A,2021,352
Serie B,2021,352
Serie C,2021,352
Copa do Brasil,2021,352
Serie A,2021,353
Serie B,2021,353
Serie C,2021,353
Copa do Brasil,2021,353
Serie A,2021,354
Serie B,2021,354
Serie C,2021,354
Copa do Brasil,2021,354
Serie A,2021,355
Serie B,2021,355
Serie C,2021,355
Copa do Brasil,2021,355
Serie A,2021,356
Serie B,2021,356
Serie C,2021,356
Copa do Brasil,2021,356
Serie A,2021,357
Serie B,2021,357
Serie C,2021,357
Copa do Brasil,2021,357
Serie A,2021,358
Serie B,2021,358
Serie C,2021,358
Copa do Brasil,2021,358
Serie A,2021,359
Serie B,2021,359
Serie C,2021,359
Copa do Brasil,2021,359
Serie A,2021,360
Serie B,2021,360
Serie C,2021,360
Copa do Brasil,2021,360
Serie A,2021,361
Serie B,2021,361
Serie C,2021,361
Copa do Brasil,2021,361
Serie A,2021,362
Serie B,2021,362
Serie C,2021,362
Copa do Brasil,2021,362
Serie A,2021,363
Serie B,2021,363
Serie C,2021,363
Copa do Brasil,2021,363
Serie A,2021,364
Serie B,2021,364
Serie C,2021,364
Copa do Brasil,2021,364
Serie A,2021,365
Serie B,2021,365
Serie C,2021,365
Copa do Brasil,2021,365
Serie A,2021,366
Serie B,2021,366
Serie C,2021,366
Copa do Brasil,2021,366
Serie A,2021,367
Serie B,2021,367
Serie C,2021,367
Copa do Brasil,2021,367
Serie A,2021,368
Serie B,2021,368
Serie C,2021,368
Copa do Brasil,2021,368
Serie A,2021,369
Serie B,2021,369
Serie C,2021,369
Copa do Brasil,2021,369
Serie A,2021,370
Serie B,2021,370
Serie C,2021,370
Copa do Brasil,2021,370
Serie A,2021,371
Serie B,2021,371
Serie C,2021,371
Copa do Brasil,2021,371
Serie A,2021,372
Serie B,2021,372
Serie C,2021,372
Copa do Brasil,2021,372
Serie A,2021,373
Serie B,2021,373
Serie C,2021,373
Copa do Brasil,2021,373
Serie A,2021,374
Serie B,2021,374
Serie C,2021,374
Copa do Brasil,2021,374
Serie A,2021,375
Serie B,2021,375
Serie C,2021,375
Copa do Brasil,2021,375
Serie A,2021,376
Serie B,2021,376
Serie C,2021,376
Copa do Brasil,2021,376
Serie A,2021,377
Serie B,2021,377
Serie C,2021,377
Copa do Brasil,2021,377
Serie A,2021,378
Serie B,2021,378
Serie C,2021,378
Copa do Brasil,2021,378
Serie A,2021,379
Serie B,2021,379
Serie C,2021,379
Copa do Brasil,2021,379
Serie A,2021,380
Serie B,2021,380
Serie C,2021,380
Copa do Brasil,2021,380
Serie A,2021,381
Serie B,2021,381
Serie C,2021,381
Serie D,2021,381
Copa do Brasil,2021,381
Serie A,2021,382
Serie B,2021,382
Serie C,2021,382
Serie D,2021,382
Copa do Brasil,2021,382
Serie A,2021,383
Serie B,2021,383
Serie C,2021,383
Serie D,2021,383
Copa do Brasil,2021,383
Serie A,2021,384
Serie B,2021,384
Serie C,2021,384
Serie D,2021,384
Copa do Brasil,2021,384
Serie A,2021,385
Serie B,2021,385
Serie C,2021,385
Serie D,2021,385
Copa do Brasil,2021,385
Serie A,2021,386
Serie B,2021,386
Serie C,2021,386
Serie D,2021,386
Copa do Brasil,2021,386
Serie A,2021,387
Serie B,2021,387
Serie C,2021,387
Serie D,2021,387
Copa do Brasil,2021,387
Serie A,2021,388
Serie B,2021,388
Serie C,2021,388
Serie D,2021,388
Copa do Brasil,2021,388
Serie A,2021,389
Serie B,2021,389
Serie C,2021,389
Serie D,2021,389
Copa do Brasil,2021,389
Serie A,2021,390
Serie B,2021,390
Serie C,2021,390
Serie D,2021,390
Copa do Brasil,2021,390
Serie A,2021,391
Serie B,2021,391
Serie C,2021,391
Serie D,2021,391
Copa do Brasil,2021,391
Serie A,2021,392
Serie B,2021,392
Serie C,2021,392
Serie D,2021,392
Copa do Brasil,2021,392
Serie A,2021,393
Serie B,2021,393
Serie C,2021,393
Serie D,2021,393
Copa do Brasil,2021,393
Serie A,2021,394
Serie B,2021,394
Serie C,2021,394
Serie D,2021,394
Copa do Brasil,2021,394
Serie A,2021,395
Serie B,2021,395
Serie C,2021,395
Serie D,2021,395
Copa do Brasil,2021,395
Serie A,2021,396
Serie B,2021,396
Serie C,2021,396
Serie D,2021,396
Copa do Brasil,2021,396
Serie A,2021,397
Serie B,2021,397
Serie C,2021,397
Serie D,2021,397
Copa do Brasil,2021,397
Serie A,2021,398
Serie B,2021,398
Serie C,2021,398
Serie D,2021,398
Copa do Brasil,2021,398
Serie A,2021,399
Serie B,2021,399
Serie C,2021,399
Serie D,2021,399
Copa do Brasil,2021,399
Serie A,2021,400
Serie B,2021,400
Serie C,2021,400
Serie D,2021,400
Copa do Brasil,2021,400
Serie A,2021,401
Serie B,2021,401
Serie C,2021,401
Copa do Brasil,2021,401
Serie A,2021,402
Serie B,2021,402
Serie C,2021,402
Copa do Brasil,2021,402
Serie A,2021,403
Serie B,2021,403
Serie C,2021,403
Copa do Brasil,2021,403
Serie A,2021,404
Serie B,2021,404
Serie C,2021,404
Copa do Brasil,2021,404
Serie A,2021,405
Serie B,2021,405
Serie C,2021,405
Copa do Brasil,2021,405
Serie A,2021,406
Serie B,2021,406
Serie C,2021,406
Copa do Brasil,2021,406
Serie A,2021,407
Serie B,2021,407
Serie C,2021,407
Copa do Brasil,2021,407
Serie A,2021,408
Serie B,2021,408
Serie C,2021,408
Copa do Brasil,2021,408
Serie A,2021,409
Serie B,2021,409
Serie C,2021,409
Copa do Brasil,2021,409
Serie A,2021,410
Serie B,2021,410
Serie C,2021,410
Copa do Brasil,2021,410
Serie A,2021,411
Serie B,2021,411
Serie C,2021,411
Copa do Brasil,2021,411
Serie A,2021,412
Serie B,2021,412
Serie C,2021,412
Copa do Brasil,2021,412
Serie A,2021,413
Serie B,2021,413
Serie C,2021,413
Copa do Brasil,2021,413
Serie A,2021,414
Serie B,2021,414
Serie C,2021,414
Copa do Brasil,2021,414
Serie A,2021,415
Serie B,2021,415
Serie C,2021,415
Copa do Brasil,2021,415
Serie A,2021,416
Serie B,2021,416
Serie C,2021,416
Copa do Brasil,2021,416
Serie A,2021,417
Serie B,2021,417
Serie C,2021,417
Copa do Brasil,2021,417
Serie A,2021,418
Serie B,2021,418
Serie C,2021,418
Copa do Brasil,2021,418
Serie A,2021,419
Serie B,2021,419
Serie C,2021,419
Copa do Brasil,2021,419
Serie A,2021,420
Serie B,2021,420
Serie C,2021,420
Copa do Brasil,2021,420
Serie A,2021,421
Serie B,2021,421
Serie C,2021,421
Copa do Brasil,2021,421
Serie A,2021,422
Serie B,2021,422
Serie C,2021,422
Copa do Brasil,2021,422
Serie A,2021,423
Serie B,2021,423
Serie C,2021,423
Copa do Brasil,2021,423
Serie A,2021,424
Serie B,2021,424
Serie C,2021,424
Copa do Brasil,2021,424
Serie A,2021,425
Serie B,2021,425
Serie C,2021,425
Copa do Brasil,2021,425
Serie A,2021,426
Serie B,2021,426
Serie C,2021,426
Copa do Brasil,2021,426
Serie A,2021,427
Serie B,2021,427
Serie C,2021,427
Copa do Brasil,2021,427
Serie A,2021,428
Serie B,2021,428
Serie C,2021,428
Copa do Brasil,2021,428
Serie A,2021,429
Serie B,2021,429
Serie C,2021,429
Copa do Brasil,2021,429
Serie A,2021,430
Serie B,2021,430
Serie C,2021,430
Copa do Brasil,2021,430
Serie A,2021,431
Serie B,2021,431
Serie C,2021,431
Copa do Brasil,2021,431
Serie A,2021,432
Serie B,2021,432
Serie C,2021,432
Copa do Brasil,2021,432
Serie A,2021,433
Serie B,2021,433
Serie C,2021,433
Copa do Brasil,2021,433
Serie A,2021,434
Serie B,2021,434
Serie C,2021,434
Copa do Brasil,2021,434
Serie A,2021,435
Serie B,2021,435
Serie C,2021,435
Copa do Brasil,2021,435
Serie A,2021,436
Serie B,2021,436
Serie C,2021,436
Copa do Brasil,2021,436
Serie A,2021,437
Serie B,2021,437
Serie C,2021,437
Serie D,2021,437
Copa do Brasil,2021,437
Serie A,2021,438
Serie B,2021,438
Serie C,2021,438
Serie D,2021,438
Copa do Brasil,2021,438
Serie A,2021,439
Serie B,2021,439
Serie C,2021,439
Serie D,2021,439
Copa do Brasil,2021,439
Serie A,2021,440
Serie B,2021,440
Serie C,2021,440
Serie D,2021,440
Copa do Brasil,2021,440
Serie A,2021,441
Serie B,2021,441
Serie C,2021,441
Serie D,2021,441
Copa do Brasil,2021,441
Serie A,2021,442
Serie B,2021,442
Serie C,2021,442
Serie D,2021,442
Copa do Brasil,2021,442
Serie A,2021,443
Serie B,2021,443
Serie C,2021,443
Serie D,2021,443
Copa do Brasil,2021,443
Serie A,2021,444
Serie B,2021,444
Serie C,2021,444
Serie D,2021,444
Copa do Brasil,2021,444
Serie A,2021,445
Serie B,2021,445
Serie C,2021,445
Serie D,2021,445
Copa do Brasil,2021,445
Serie A,2021,446
Serie B,2021,446
Serie C,2021,446
Serie D,2021,446
Copa do Brasil,2021,446
Serie A,2021,447
Serie B,2021,447
Serie C,2021,447
Serie D,2021,447
Copa do Brasil,2021,447
Serie A,2021,448
Serie B,2021,448
Serie C,2021,448
Serie D,2021,448
Copa do Brasil,2021,448
Serie A,2021,449
Serie B,2021,449
Serie C,2021,449
Serie D,2021,449
Copa do Brasil,2021,449
Serie A,2021,450
Serie B,2021,450
Serie C,2021,450
Serie D,2021,450
Copa do Brasil,2021,450
Serie A,2021,451
Serie B,2021,451
Serie C,2021,451
Serie D,2021,451
Copa do Brasil,2021,451
Serie A,2021,452
Serie B,2021,452
Serie C,2021,452
Serie D,2021,452
Copa do Brasil,2021,452
Serie A,2021,453
Serie B,2021,453
Serie C,2021,453
Serie D,2021,453
Copa do Brasil,2021,453
Serie A,2021,454
Serie B,2021,454
Serie C,2021,454
Serie D,2021,454
Copa do Brasil,2021,454
Serie A,2021,455
Serie B,2021,455
Serie C,2021,455
Serie D,2021,455
Copa do Brasil,2021,455
Serie A,2021,456
Serie B,2021,456
Serie C,2021,456
Serie D,2021,456
Copa do Brasil,2021,456
Serie A,2021,457
Serie B,2021,457
Serie C,2021,457
Serie D,2021,457
Copa do Brasil,2021,457
Serie A,2021,458
Serie B,2021,458
Serie C,2021,458
Serie D,2021,458
Copa do Brasil,2021,458
Serie A,2021,459
Serie B,2021,459
Serie C,2021,459
Serie D,2021,459
Copa do Brasil,2021,459
Serie A,2021,460
Serie B,2021,460
Serie C,2021,460
Serie D,2021,460
Copa do Brasil,2021,460
Serie A,2021,461
Serie B,2021,461
Serie C,2021,461
Serie D,2021,461
Copa do Brasil,2021,461
Serie A,2021,462
Serie B,2021,462
Serie C,2021,462
Serie D,2021,462
Copa do Brasil,2021,462
Serie A,2021,463
Serie B,2021,463
Serie C,2021,463
Serie D,2021,463
Copa do Brasil,2021,463
Serie A,2021,464
Serie B,2021,464
Serie C,2021,464
Serie D,2021,464
Copa do Brasil,2021,464
Serie A,2021,465
Serie B,2021,465
Serie C,2021,465
Serie D,2021,465
Copa do Brasil,2021,465
Serie A,2021,466
Serie B,2021,466
Serie C,2021,466
Serie D,2021,466
Copa do Brasil,2021,466
Serie A,2021,467
Serie B,2021,467
Serie C,2021,467
Serie D,2021,467
Copa do Brasil,2021,467
Serie A,2021,468
Serie B,2021,468
Serie C,2021,468
Serie D,2021,468
Copa do Brasil,2021,468
Serie A,2021,469
Serie B,2021,469
Serie C,2021,469
Serie D,2021,469
Copa do Brasil,2021,469
Serie A,2021,470
Serie B,2021,470
Serie C,2021,470
Serie D,2021,470
Copa do Brasil,2021,470
Serie A,2021,471
Serie B,2021,471
Serie C,2021,471
Serie D,2021,471
Copa do Brasil,2021,471
Serie A,2021,472
Serie B,2021,472
Serie C,2021,472
Serie D,2021,472
Copa do Brasil,2021,472
Serie A,2021,473
Serie B,2021,473
Serie C,2021,473
Serie D,2021,473
Copa do Brasil,2021,473
Serie A,2021,474
Serie B,2021,474
Serie C,2021,474
Serie D,2021,474
Copa do Brasil,2021,474
Serie A,2021,475
Serie B,2021,475
Serie C,2021,475
Serie D,2021,475
Copa do Brasil,2021,475
Serie A,2021,476
Serie B,2021,476
Serie C,2021,476
Serie D,2021,476
Copa do Brasil,2021,476
Serie A,2021,477
Serie B,2021,477
Serie C,2021,477
Serie D,2021,477
Copa do Brasil,2021,477
Serie A,2021,478
Serie B,2021,478
Serie C,2021,478
Serie D,2021,478
Copa do Brasil,2021,478
Serie A,2021,479
Serie B,2021,479
Serie C,2021,479
Serie D,2021,479
Copa do Brasil,2021,479
Serie A,2021,480
Serie B,2021,480
Serie C,2021,480
Serie D,2021,480
Copa do Brasil,2021,480
Serie A,2021,481
Serie B,2021,481
Serie C,2021,481
Serie D,2021,481
Copa do Brasil,2021,481
Serie A,2021,482
Serie B,2021,482
Serie C,2021,482
Serie D,2021,482
Copa do Brasil,2021,482
Serie A,2021,483
Serie B,2021,483
Serie C,2021,483
Serie D,2021,483
Copa do Brasil,2021,483
Serie A,2021,484
Serie B,2021,484
Serie C,2021,484
Serie D,2021,484
Copa do Brasil,2021,484
Serie A,2021,485
Serie B,2021,485
Serie C,2021,485
Serie D,2021,485
Copa do Brasil,2021,485
Serie A,2021,486
Serie B,2021,486
Serie C,2021,486
Serie D,2021,486
Copa do Brasil,2021,486
Serie A,2021,487
Serie B,2021,487
Serie C,2021,487
Serie D,2021,487
Copa do Brasil,2021,487
Serie A,2021,488
Serie B,2021,488
Serie C,2021,488
Serie D,2021,488
Copa do Brasil,2021,488
Serie A,2021,489
Serie B,2021,489
Serie C,2021,489
Serie D,2021,489
Copa do Brasil,2021,489
Serie A,2021,490
Serie B,2021,490
Serie C,2021,490
Serie D,2021,490
Copa do Brasil,2021,490
Serie A,2021,491
Serie B,2021,491
Serie C,2021,491
Serie D,2021,491
Copa do Brasil,2021,491
Serie A,2021,492
Serie B,2021,492
Serie C,2021,492
Serie D,2021,492
Copa do Brasil,2021,492
Serie A,2021,493
Serie B,2021,493
Serie C,2021,493
Serie D,2021,493
Copa do Brasil,2021,493
Serie A,2021,494
Serie B,2021,494
Serie C,2021,494
Serie D,2021,494
Copa do Brasil,2021,494
Serie A,2021,495
Serie B,2021,495
Serie C,2021,495
Serie D,2021,495
Copa do Brasil,2021,495
Serie A,2021,496
Serie B,2021,496
Serie C,2021,496
Serie D,2021,496
Copa do Brasil,2021,496
Serie A,2021,497
Serie B,2021,497
Serie C,2021,497
Serie D,2021,497
Copa do Brasil,2021,497
Serie A,2021,498
Serie B,2021,498
Serie C,2021,498
Serie D,2021,498
Copa do Brasil,2021,498
Serie A,2021,499
Serie B,2021,499
Serie C,2021,499
Serie D,2021,499
Copa do Brasil,2021,499
Serie A,2021,500
Serie B,2021,500
Serie C,2021,500
Serie D,2021,500
Copa do Brasil,2021,500
Serie A,2021,501
Serie B,2021,501
Serie C,2021,501
Serie D,2021,501
Copa do Brasil,2021,501
Serie A,2021,502
Serie B,2021,502
Serie C,2021,502
Serie D,2021,502
Copa do Brasil,2021,502
Serie A,2021,503
Serie B,2021,503
Serie C,2021,503
Serie D,2021,503
Copa do Brasil,2021,503
Serie A,2021,504
Serie B,2021,504
Serie C,2021,504
Serie D,2021,504
Copa do Brasil,2021,504
Serie A,2021,505
Serie B,2021,505
Serie C,2021,505
Serie D,2021,505
Copa do Brasil,2021,505
Serie A,2021,506
Serie B,2021,506
Serie C,2021,506
Serie D,2021,506
Copa do Brasil,2021,506
Serie A,2021,507
Serie B,2021,507
Serie C,2021,507
Serie D,2021,507
Copa do Brasil,2021,507
Serie A,2021,508
Serie B,2021,508
Serie C,2021,508
Serie D,2021,508
Copa do Brasil,2021,508
Serie A,2021,509
Serie B,2021,509
Serie C,2021,509
Serie D,2021,509
Copa do Brasil,2021,509
Serie A,2021,510
Serie B,2021,510
Serie C,2021,510
Serie D,2021,510
Copa do Brasil,2021,510
Serie A,2021,511
Serie B,2021,511
Serie C,2021,511
Serie D,2021,511
Copa do Brasil,2021,511
Serie A,2021,512
Serie B,2021,512
Serie C,2021,512
Serie D,2021,512
Copa do Brasil,2021,512
Serie A,2021,513
Serie B,2021,513
Serie C,2021,513
Serie D,2021,513
Copa do Brasil,2021,513
Serie A,2021,514
Serie B,2021,514
Serie C,2021,514
Serie D,2021,514
Copa do Brasil,2021,514
Serie A,2021,515
Serie B,2021,515
Serie C,2021,515
Serie D,2021,515
Copa do Brasil,2021,515
Serie A,2021,516
Serie B,2021,516
Serie C,2021,516
Serie D,2021,516
Copa do Brasil,2021,516
Serie A,2021,517
Serie B,2021,517
Serie C,2021,517
Serie D,2021,517
Copa do Brasil,2021,517
Serie A,2021,518
Serie B,2021,518
Serie C,2021,518
Serie D,2021,518
Copa do Brasil,2021,518
Serie A,2021,519
Serie B,2021,519
Serie C,2021,519
Serie D,2021,519
Copa do Brasil,2021,519
Serie A,2021,520
Serie B,2021,520
Serie C,2021,520
Serie D,2021,520
Copa do Brasil,2021,520
Serie A,2021,521
Serie B,2021,521
Serie C,2021,521
Serie D,2021,521
Copa do Brasil,2021,521
Serie A,2021,522
Serie B,2021,522
Serie C,2021,522
Serie D,2021,522
Copa do Brasil,2021,522
Serie A,2021,523
Serie B,2021,523
Serie C,2021,523
Serie D,2021,523
Copa do Brasil,2021,523
Serie A,2021,524
Serie B,2021,524
Serie C,2021,524
Serie D,2021,524
Copa do Brasil,2021,524
Serie A,2021,525
Serie B,2021,525
Serie C,2021,525
Serie D,2021,525
Copa do Brasil,2021,525
Serie A,2021,526
Serie B,2021,526
Serie C,2021,526
Serie D,2021,526
Copa do Brasil,2021,526
Serie A,2021,527
Serie B,2021,527
Serie C,2021,527
Serie D,2021,527
Copa do Brasil,2021,527
Serie A,2021,528
Serie B,2021,528
Serie C,2021,528
Serie D,2021,528
Copa do Brasil,2021,528
Serie A,2021,529
Serie B,2021,529
Serie C,2021,529
Serie D,2021,529
Copa do Brasil,2021,529
Serie A,2021,530
Serie B,2021,530
Serie C,2021,530
Serie D,2021,530
Copa do Brasil,2021,530
Serie A,2021,531
Serie B,2021,531
Serie C,2021,531
Serie D,2021,531
Copa do Brasil,2021,531
Serie A,2021,532
Serie B,2021,532
Serie C,2021,532
Serie D,2021,532
Copa do Brasil,2021,532
Serie A,2021,533
Serie B,2021,533
Serie C,2021,533
Serie D,2021,533
Copa do Brasil,2021,533
Serie A,2021,534
Serie B,2021,534
Serie C,2021,534
Serie D,2021,534
Copa do Brasil,2021,534
Serie A,2021,535
Serie B,2021,535
Serie C,2021,535
Serie D,2021,535
Copa do Brasil,2021,535
Serie A,2021,536
Serie B,2021,536
Serie C,2021,536
Serie D,2021,536
Copa do Brasil,2021,536
Serie A,2021,537
Serie B,2021,537
Serie C,2021,537
Serie D,2021,537
Copa do Brasil,2021,537
Serie A,2021,538
Serie B,2021,538
Serie C,2021,538
Serie D,2021,538
Copa do Brasil,2021,538
Serie A,2021,539
Serie B,2021,539
Serie C,2021,539
Serie D,2021,539
Copa do Brasil,2021,539
Serie A,2021,540
Serie B,2021,540
Serie C,2021,540
Serie D,2021,540
Copa do Brasil,2021,540
Serie A,2021,541
Serie B,2021,541
Serie C,2021,541
Serie D,2021,541
Copa do Brasil,2021,541
Serie A,2021,542
Serie B,2021,542
Serie C,2021,542
Serie D,2021,542
Copa do Brasil,2021,542
Serie A,2021,543
Serie B,2021,543
Serie C,2021,543
Serie D,2021,543
Copa do Brasil,2021,543
Serie A,2021,544
Serie B,2021,544
Serie C,2021,544
Serie D,2021,544
Copa do Brasil,2021,544
Serie A,2021,545
Serie B,2021,545
Serie C,2021,545
Serie D,2021,545
Copa do Brasil,2021,545
Serie A,2021,546
Serie B,2021,546
Serie C,2021,546
Serie D,2021,546
Copa do Brasil,2021,546
Serie A,2021,547
Serie B,2021,547
Serie C,2021,547
Serie D,2021,547
Copa do Brasil,2021,547
Serie A,2021,548
Serie B,2021,548
Serie C,2021,548
Serie D,2021,548
Copa do Brasil,2021,548
Serie A,2021,549
Serie B,2021,549
Serie C,2021,549
Serie D,2021,549
Copa do Brasil,2021,549
Serie A,2021,550
Serie B,2021,550
Serie C,2021,550
Serie D,2021,550
Copa do Brasil,2021,550
Serie A,2021,551
Serie B,2021,551
Serie C,2021,551
Serie D,2021,551
Copa do Brasil,2021,551
Serie A,2021,552
Serie B,2021,552
Serie C,2021,552
Serie D,2021,552
Copa do Brasil,2021,552
Serie A,2021,553
Serie B,2021,553
Serie C,2021,553
Serie D,2021,553
Copa do Brasil,2021,553
Serie A,2021,554
Serie B,2021,554
Serie C,2021,554
Serie D,2021,554
Copa do Brasil,2021,554
Serie A,2021,555
Serie B,2021,555
Serie C,2021,555
Serie D,2021,555
Copa do Brasil,2021,555
Serie A,2021,556
Serie B,2021,556
Serie C,2021,556
Serie D,2021,556
Copa do Brasil,2021,556
Serie A,2021,557
Serie B,2021,557
Serie C,2021,557
Serie D,2021,557
Copa do Brasil,2021,557
Serie A,2021,558
Serie B,2021,558
Serie C,2021,558
Serie D,2021,558
Copa do Brasil,2021,558
Serie A,2021,559
Serie B,2021,559
Serie C,2021,559
Serie D,2021,559
Copa do Brasil,2021,559
Serie A,2021,560
Serie B,2021,560
Serie C,2021,560
Serie D,2021,560
Copa do Brasil,2021,560
Serie A,2021,561
Serie B,2021,561
Serie C,2021,561
Serie D,2021,561
Copa do Brasil,2021,561
Serie A,2021,562
Serie B,2021,562
Serie C,2021,562
Serie D,2021,562
Copa do Brasil,2021,562
Serie A,2021,563
Serie B,2021,563
Serie C,2021,563
Serie D,2021,563
Copa do Brasil,2021,563
Serie A,2021,564
Serie B,2021,564
Serie C,2021,564
Serie D,2021,564
Copa do Brasil,2021,564
Serie A,2021,565
Serie B,2021,565
Serie C,2021,565
Serie D,2021,565
Copa do Brasil,2021,565
Serie A,2021,566
Serie B,2021,566
Serie C,2021,566
Serie D,2021,566
Copa do Brasil,2021,566
Serie A,2021,567
Serie B,2021,567
Serie C,2021,567
Serie D,2021,567
Copa do Brasil,2021,567
Serie A,2021,568
Serie B,2021,568
Serie C,2021,568
Serie D,2021,568
Copa do Brasil,2021,568
Serie A,2021,569
Serie B,2021,569
Serie C,2021,569
Serie D,2021,569
Copa do Brasil,2021,569
Serie A,2021,570
Serie B,2021,570
Serie C,2021,570
Serie D,2021,570
Copa do Brasil,2021,570
Serie A,2021,571
Serie B,2021,571
Serie C,2021,571
Serie D,2021,571
Copa do Brasil,2021,571
Serie A,2021,572
Serie B,2021,572
Serie C,2021,572
Serie D,2021,572
Copa do Brasil,2021,572
Serie A,2021,573
Serie B,2021,573
Serie C,2021,573
Serie D,2021,573
Copa do Brasil,2021,573
Serie A,2021,574
Serie B,2021,574
Serie C,2021,574
Serie D,2021,574
Copa do Brasil,2021,574
Serie A,2021,575
Serie B,2021,575
Serie C,2021,575
Serie D,2021,575
Copa do Brasil,2021,575
Serie A,2021,576
Serie B,2021,576
Serie C,2021,576
Serie D,2021,576
Copa do Brasil,2021,576
Serie A,2021,577
Serie B,2021,577
Serie C,2021,577
Serie D,2021,577
Copa do Brasil,2021,577
Serie A,2021,578
Serie B,2021,578
Serie C,2021,578
Serie D,2021,578
Copa do Brasil,2021,578
Serie A,2021,579
Serie B,2021,579
Serie C,2021,579
Serie D,2021,579
Copa do Brasil,2021,579
Serie A,2021,580
Serie B,2021,580
Serie C,2021,580
Serie D,2021,580
Copa do Brasil,2021,580
Serie A,2021,581
Serie B,2021,581
Serie C,2021,581
Serie D,2021,581
Copa do Brasil,2021,581
Serie A,2021,582
Serie B,2021,582
Serie C,2021,582
Serie D,2021,582
Copa do Brasil,2021,582
Serie A,2021,583
Serie B,2021,583
Serie C,2021,583
Serie D,2021,583
Copa do Brasil,2021,583
Serie A,2021,584
Serie B,2021,584
Serie C,2021,584
Serie D,2021,584
Copa do Brasil,2021,584
Serie A,2021,585
Serie B,2021,585
Serie C,2021,585
Serie D,2021,585
Copa do Brasil,2021,585
Serie A,2021,586
Serie B,2021,586
Serie C,2021,586
Serie D,2021,586
Copa do Brasil,2021,586
Serie A,2021,587
Serie B,2021,587
Serie C,2021,587
Serie D,2021,587
Copa do Brasil,2021,587
Serie A,2021,588
Serie B,2021,588
Serie C,2021,588
Serie D,2021,588
Copa do Brasil,2021,588
Serie A,2021,589
Serie B,2021,589
Serie C,2021,589
Serie D,2021,589
Copa do Brasil,2021,589
Serie A,2021,590
Serie B,2021,590
Serie C,2021,590
Serie D,2021,590
Copa do Brasil,2021,590
Serie A,2021,591
Serie B,2021,591
Serie C,2021,591
Serie D,2021,591
Copa do Brasil,2021,591
Serie A,2021,592
Serie B,2021,592
Serie C,2021,592
Serie D,2021,592
Copa do Brasil,2021,592
Serie A,2021,593
Serie B,2021,593
Serie C,2021,593
Serie D,2021,593
Copa do Brasil,2021,593
Serie A,2021,594
Serie B,2021,594
Serie C,2021,594
Serie D,2021,594
Copa do Brasil,2021,594
Serie A,2021,595
Serie B,2021,595
Serie C,2021,595
Serie D,2021,595
Copa do Brasil,2021,595
Serie A,2021,596
Serie B,2021,596
Serie C,2021,596
Serie D,2021,596
Copa do Brasil,2021,596
Serie A,2021,597
Serie B,2021,597
Serie C,2021,597
Serie D,2021,597
Copa do Brasil,2021,597
Serie A,2021,598
Serie B,2021,598
Serie C,2021,598
Serie D,2021,598
Copa do Brasil,2021,598
Serie A,2021,599
Serie B,2021,599
Serie C,2021,599
Serie D,2021,599
Copa do Brasil,2021,599
Serie A,2021,600
Serie B,2021,600
Serie C,2021,600
Serie D,2021,600
Copa do Brasil,2021,600
